ID,Name,Address,Type
C790215,PALISADE GARDENS APT. CORP.,"150 GLENWOOD AVE., YONKERS, NY, 10703",COOPERATIVE
C810660,315 WEST 86TH STREET,"315 WEST 86TH STREET, NEW YORK, NY, 10024",COOPERATIVE
C840200,72-17 34TH AVENUE,"72-17 34TH AVENUE, JACKSON HEIGHTS, NY, 11372",COOPERATIVE
C860147,515 EDGECOMBE AVE,"515 EDGECOMBE AVENUE, NEW YORK, NY, 10032",COOPERATIVE
C870029,666 - 670 N TERRACE AVE,"666 - 670 N TERRACE AVE, MT VERNON, NY",COOPERATIVE
C870394,PARKWOOD ESTATES *CPS-5/09-0030**,"71ST AVENUE,72ND AVE.,71ST RD. & 252ND ST., FLORAL PARK, NY, 11426",COOPERATIVE
C870617,1350 OCEAN PARKWAY/PARKWAY GARDENS,"1350 OCEAN PARKWAY, BROOKLYN, NY, 11230",COOPERATIVE
C880145,2199 HOLLAND AVENUE,"2199 HOLLAND AVENUE, BRONX, NY, 10462",COOPERATIVE
C880333,257 WEST 21ST STREET* **CPS-5/08-0022**,"257 WEST 21ST STREET, NEW YORK, NY, 10011",COOPERATIVE
CD870039,SPAULDING ESTATES CONDOMINIUM,"4961 - 4997 HENRY HUDSON PARKWAY, BRONX, NY, 10471",CONDOMINIUM
CD870526,ALICE TOWER V CONDOMINIUM,"35-28 UNION STREET, FLUSHING, NY, 11354",CONDOMINIUM
H890042,WILLOW SPRINGS ESTATES HOA (CPS-1),"ROOSEVELT AVE., COUNTY RD 53, WOODRIDGE, NY, 11706",HOMEOWNERS ASSOCIATION
NY810033,40 TIEMAN PLACE,"40 TIEMAN PLACE, NEW YORK, NY, 10027",COOPERATIVE
T820018,VILLAS AT TREE TOPS,"TREE TOPS AT FERNWOOD RESORT, BUSHKILL, PA, 18324",OTHER
T960001,MANHATTAN CLUB (THE),"200 W. 56TH ST, NEW YORK, NY, 10019",OTHER
C800073,220 EAST 31 STREET,"220 EAST 31 STREET, NEW YORK, NY, 10016",COOPERATIVE
C800203,234 OWNERS CORPORATION,"234 E. 35TH ST, NEW YORK, NY, 10016",COOPERATIVE
C810074,9 PIERREPONT ST. HOUSING CORP.,"9 PIERREPONT ST., BROOKLYN, NY, 11201",COOPERATIVE
C820199,18 EAST 17TH STREET OWNERS INC,"18 EAST 17TH STREET, NEW YORK, NY, 10003",COOPERATIVE
C870176,144-44 41ST AVENUE,"144-44 41ST AVENUE, FLUSHING, NY, 11355",COOPERATIVE
C870364,FAIRVIEW TOWNHOUSES (RS-3 FILED 10/27/87),"JERUSALEM AVENUE, N. MERRICK, NY, 11566",COOPERATIVE
C870506,42-10 82ND STREET (CHANGED TO CC-87-0054),"42-10 82ND STREET, ELMHURST, NY",COOPERATIVE
CD810004,CONSTITUTION HILL CONDO.,"CONSTITUTION HILL, PRINCETON, NJ, 99999",CONDOMINIUM
CD840030,WESTAGE TOWERS WEST CONDO **CPS-5#91-006)***,"COTTAGE PLACE, WHITE PLAINS, NY, 10601",CONDOMINIUM
CD880369,PROSPECT 17TH DEVELOP OWNERS,"468 17TH STREET & 471 18TH STREET, BROOKLYN, NY, 11215",CONDOMINIUM
CD890228,HAMPTON PLACE CONDOMINIUM  III,"SOUTH SIDE WILLIAM ROAD, NORTH GREENBUSH, NY",CONDOMINIUM
H700016,VILLAGE GREENS RESIDENTS ASSOCIATION,"VILLAGE GREEN, STATEN ISLAND, NY",HOMEOWNERS ASSOCIATION
H710015,BRISTOL HARBOUR VILLAGE HOA,"SENECA POINT RD, SOUTH BRISTOL, NY, 14424",HOMEOWNERS ASSOCIATION
H860046,SUGAR BUSH SUBDIVISION,"ATLANTIC AVENUE, PENFIELD, NY, 14526",HOMEOWNERS ASSOCIATION
H920061,MALVERN (CPS-1),"9749-9765 MALVERN DRIVE, TAMARAC, FL, 33321",HOMEOWNERS ASSOCIATION
C770018,PARK WEST TENANTS CORP (CPS-5)#89-041,"9 PROSPECT PARK WEST, BROOKLYN, NY, 11215",COOPERATIVE
C790185,115 WILLOW STREET,"115 WILLOW STREET, BROOKLYN, NY, 11201",COOPERATIVE
C790226,89TH STREET OWNERS CORP.,"11 WEST 89TH STREET, NEW YORK, NY, 10024",COOPERATIVE
C800027,137-05 FRANKLIN AVENUE OWNERS INC.,"137-05 FRANKLIN AVE. (CPS-5)#89-037, FLUSHING, NY, 11355",COOPERATIVE
C800520,103-105 MONTAGUE ST.,"103-105 MONTAGUE S.T, BROOKLYN, NY, 11201",COOPERATIVE
C820025,400 E. 85TH ST.,"400 E. 85TH ST., NEW YORK, NY, 10028",COOPERATIVE
C820052,ONE SHERMAN SQUARE *CPS-5/09-0022*,"201 WEST 70TH ST., NEW YORK, NY, 10023",COOPERATIVE
C840023,102-25/55 67TH ROAD,"102-25/35/45/55 67TH ROAD, FOREST HILLS, NY, 11375",COOPERATIVE
C840242,195 KANE HOUSING CORP.,"195 KANE STREET, BROOKLYN, NY, 11231",COOPERATIVE
C880318,150 EAST 19TH STREET,"150 EAST 19TH STREET, BROOKLYN, NY, 11226",COOPERATIVE
CC870031,121 GREENE STREET,"121 GREENE STREET, NEW YORK, NY",COOPERATIVE/CONDOMINIUM
CD850474,SUN-VET BUSINESS PARK CONDO,"1710-1746 CHURCH STREET, HOLBROOK, NY, 11741",CONDOMINIUM
CD860457,WHITE OAK AT MIDDLE VILLAGE,"66-70 79TH STREET, MIDDLE VILLAGE, NY",CONDOMINIUM
CD880107,OLD TOWNE MEDICAL VILLAGE CONDO ONE,"315,335,339 AND 349 MEETING HOUSE LANE, SOUTHAMPTON, NY, 11968",CONDOMINIUM
CD880455,HEMLOCK HOLLOW CONDOMINIUM,"WALLACE STREET, TUCKAHOE, NY, 10707",CONDOMINIUM
C690015,360 EAST 72ND ST. (CPS-5 #89-0119),"360 EAST 72ND, NEW YORK, NY",COOPERATIVE
C790362,"78 E. 79TH OWNERS, INC.","78 E. 79TH ST, NEW YORK, NY, 10021",COOPERATIVE
C850296,11 WOOLEYS LANE HOUSING CORP,"11 WOOLEYS LANE, GREAT NECK, NY, 11023",COOPERATIVE
C860427,303 AVENUE P,"303 AVENUE P, BROOKLYN, NY, 11204",COOPERATIVE
C860724,420 PALISADE AVENUE (GRACEMERE),"420 PALISADE AVENUE, YONKERS, NY, 10703",COOPERATIVE
C890071,133-01 SANFORD AVE. (RS-3 SENT),"133-01 SANFORD AVENUE, FLUSHING, NY",COOPERATIVE
CD790057,EVERGREEN PARK I(FKA-GLEN AT GREAT KILLS I),"3100 AMBOY ROAD, STATEN ISLAND, NY, 10306",CONDOMINIUM
CD850084,HUNTINGTON ATRIUM CONDOMINIUM,"775 PARK AVENUE, HUNTINGTON, NY, 11743",CONDOMINIUM
CD860009,ADAMS OFFICE CONDOMINIUM (RESUBMIT),"140 ADAMS AVENUE, HAUPPAUGE, NY, 11788",CONDOMINIUM
CD860027,TRADEWINDS (CPS-1),"5255-5275 S. ATLANTIC AVENUE, NEW SMYRNA BEACH, FL, 32069",CONDOMINIUM
CD880025,PRESIDENT PLAZA,"346 NEW YORK AVENUE, BROOKLYN, NY, 11218",CONDOMINIUM
CD890159,387 HAWTHORNE STREET CONDOMINIUM (THE),"387 HAWTHORNE STREET, BROOKLYN, NY, 11203",CONDOMINIUM
CD890350,HARRISON AVENUE HOMES,"212-214, 233 LYNCH STS; 95 HARRISON AVENUE, BROOKLYN, NY, 11211",CONDOMINIUM
H870009,"TWO PINE GLEN VILLAGE HOA, INC.","6872 TIMBER PINE BLVD., SPRING HILL, FL, 33526",HOMEOWNERS ASSOCIATION
H880166,ESTATES AT RYE WOODS HOA,"BOSTON POST ROAD AT HANNAN PLACE, RYE, NY, 10580",HOMEOWNERS ASSOCIATION
C790213,"30 E. 76TH ST COOP, INC (NEW # CD84-106)","30 EAST 76TH ST., NEW YORK, NY, 10021",COOPERATIVE
C800018,51 W.76TH ST. COOPERATIVE CORP.,"51 W. 76TH ST., NEW YORK, NY, 10023",COOPERATIVE
C800131,WEATHERVANE OWNERS CORP.,"750 SHORE ROAD, LONG BEACH, NY, 11561",COOPERATIVE
C840024,263-265 W. 25TH ST./SAMSTU TWO HOUSE,"263-265 WEST 25TH STREET, NEW YORK, NY, 10001",COOPERATIVE
C860745,7002 RIDGE BOULEVARD,"7002 RIDGE BOULEVARD     (CPS-6/92-005), BROOKLYN, NY, 11209",COOPERATIVE
C870486,1600 AVENUE T (CARIBE APTS),"1600 AVENUE T, BROOKLYN, NY, 11229",COOPERATIVE
C880156,125 LAKE STREET/STEPPING STONES (RESUB),"125 LAKE STREET, WHITE PLAINS, NY, 10603",COOPERATIVE
CD820224,LEISURE VILLAGE WEST #65,"MANCHESTER TOWNSHIP, MANCHESTER TOWNSHIP, NJ, 99999",CONDOMINIUM
CD840089,BEDFORD SQUARE,"2370-2394 BEDFORD AVENUE, BELLMORE, NY, 11710",CONDOMINIUM
CD850278,220 WEST 19TH STREET CONDO (CPS-1),"220 WEST 19TH STREET, NEW YORK, NY",CONDOMINIUM
CD850376,PARK PLACE CONDO. (SOLD OUT 4/5/89),"1195 YOUNGS ROAD, WILLIAMSVILLE, NY, 14221",CONDOMINIUM
CD880343,FLUSHING FORTUNE GARDENS CONDO II,"140-12 33RD AVENUE, FLUSHING, NY, 11354",CONDOMINIUM
CD910113,WHITE PLAINS MEDICAL CENTER (CPS-1),"170 MAPLE AVENUE, WHITE PLAINS, NY, 10060",CONDOMINIUM
H860164,COUNTRY LAKE ESTATES (CPS-1),"5180 NORTH WEST 76 TERRACE, MIAMI, FL, 33231",HOMEOWNERS ASSOCIATION
NY900011,503-5 WEST 141ST ST HDFC,"503-5 WEST 141ST STREET, NEW YORK, NY, 10031",OTHER
C780196,GERRITSEN APARTMENTS CORP,"2265 GERRITSEN AVENUE, BROOKLYN, NY",COOPERATIVE
C800259,"88 BLEECKER ST. OWNERS, INC.","88 BLEECKER ST., NEW YORK, NY, 10012",COOPERATIVE
C810701,"VERRAZANO OWNERS, SEC II","3RD AVENUE & 101ST STREET, BROOKLYN, NY, 11209",COOPERATIVE
C850568,20 EAST 11TH STREET,"20 EAST 11TH STREET, NEW YORK, NY, 10003",COOPERATIVE
C880198,RIVER CLUB OF GREENWICH,"RIVER ROAD, GREENWICH, CT, 06807",COOPERATIVE
C890240,326-328 WEST 11TH STREET,"326-328 WEST 11TH STREET, NEW YORK, NY, 10011",COOPERATIVE
CC870018,21-81 38TH STREET,"21-81 38TH. STREET, NEW YORK, NY, 11105",COOPERATIVE/CONDOMINIUM
CD800026,LEISURE VILLAGE AT SEVEN LAKES II GARDENS,"LEISURE VILLAGE AT SEVEN LAKES II GARDENS, FORT MEYERS, FL, 99999",CONDOMINIUM
CD850471,143 DUANE STREET(CPS-1),"143 DUANE STREET, NEW YORK, NY, 10013",CONDOMINIUM
CD860002,HORIZIONS OF INVERARY CONDO D (CPS-1),"7050 N.W. 44TH STREET, LAUDERHILL, FL, 33319",CONDOMINIUM
CD890077,114-124 EAST 53RD STREET,"114-124 EAST 53RD STREET, BROOKLYN, NY, 11203",CONDOMINIUM
CD890276,WYNMOOR VILLAGE XIII ABACO VILLAGE F,"COCONUT CREEK PARKWAY, COCONUT CREEK, FL, 33066",CONDOMINIUM
H850103,CAMELOT H.O.A.(RESUBMIT),"WEATHERIDGE AVENUE, CAMILLUS, NY, 13031",HOMEOWNERS ASSOCIATION
H870101,WOODRIDGE HOMES(CPS-1 REJ)SEE H87-139),"SEA FARM NORTH, SOUTHAMPTON, NY",HOMEOWNERS ASSOCIATION
T820015,INNS OF WATERVILLE VALLEY,"WATERVILLE VALLEY, GRAFTON, NH, 03223",OTHER
C740024,10 HOLDER APARTMENTS,"10 HOLDER PLACE, FOREST HILLS, NY, 11375",COOPERATIVE
C810237,244-246 W. 23RD ST.,"244-246 W. 23RD ST., NEW YORK, NY, 10011",COOPERATIVE
C810425,225 8TH AVENUE,"225 8TH AVENUE, BROOKLYN, NY, 11215",COOPERATIVE
C810783,CRYDER POINT APARTMENTS,"162-01/21/41 POWELLS COVE BLVD., BEECHHURST, NY, 11357",COOPERATIVE
C820470,SOUTHAMPTON APARTMENTS,"1429-45-61 SHORE PARKWAY, BROOKLYN, NY, 11223",COOPERATIVE
C830264,77 BLEECKER STREET CORP.,"77 BLEECKER STREET, NEW YORK, NY, 10012",COOPERATIVE
C850421,408 WEST 48TH STREET,"408 WEST 48TH STREET, NEW YORK, NY, 10036",COOPERATIVE
C860290,87-35 BAY PARKWAY,"8735 BAY PARKWAY, BROOKLYN, NY, 11214",COOPERATIVE
C870231,325-327 EAST 93RD STREET,"325-327 EAST 93RD STREET, NEW YORK, NY, 10128",COOPERATIVE
CD830052,2900 OCEAN CONDOMINIUM,"2900 OCEAN AVENUE, BROOKLYN, NY, 11235",CONDOMINIUM
CD850021,MOONRAKER BAYCPS-1,"2472 S.E. WESTMORELAND BLVD., ST. LUCIE, FL, 33452",CONDOMINIUM
CD890265,ARLINGTON COMMONS CONDOMINIUM,"22-32 HANCOCK STREET, BUFFALO, NY, 14220",CONDOMINIUM
CD900188,728 EAST 136TH STREET (CPS-1),"728-740 EAST 136TH ST, BRONX, NY, 10454",CONDOMINIUM
CD900239,WOODSIDE AT SPRUCE CREEK (CPS-1),"1896 SPRUCE CREEK BOULEVARD, DAYTONA, FL, 32124",CONDOMINIUM
H840044,LONGMEADOW HOMEOWNERS ASSOCIATION,"LATTINGTOWN ROAD, GLEN COVE, NY, 11542",HOMEOWNERS ASSOCIATION
C800307,"AMBERLAND OWNERS, INC.- BALTIC EST. INC.","BULDG 12 THUR 16 SCENIC DR. AND BALTIC PLACE, CROTON-ON-HUDSON, NY, 10520",COOPERATIVE
C820305,"AERO OWNERS, INC.  *(CPS-8 #02/026)","63-61 YELLOWSTONE BLVD/105-24/36 63 DRIVE, FOREST HILLS, NY, 11375",COOPERATIVE
C830098,"531 EAST 88TH STREET OWNERS, INC","531 EAST 88TH STREET, NEW YORK, NY, 10028",COOPERATIVE
C880434,151 EAST 26TH STREET,"151 EAST 26TH STREET, NEW YORK, NY",COOPERATIVE
CC820005,200 EAST 6TH STREET,"200 EAST 6TH STREET, NEW YORK, NY, 10003",CONDOMINIUM
CD790094,CEDAR RIDGE TOWN'N COUNTRY SEC. 11,"CEDAR RIDGE, CEDAR RIDGE, UN, 99999",CONDOMINIUM
CD810169,BURLINGTON HOUSE CONDO.,"24-26 E. 82ND, NEW YORK, NY, 10028",CONDOMINIUM
CD850320,JEFFERSON VILLAGE CONDO 10,"CARRIAGE COURT, JEFFERSON VILLAGE, YORKTOWN, NY, 10598",CONDOMINIUM
CD940045,WESTVIEW COMMONS (CPS-1),"WEST STREET, PORT CHESTER, NY, 10573",CONDOMINIUM
CD950060,GREENWOOD MANOR CONDOMINIUM,"21-22 GREENE AVE & 21-08 BUTLER AVE, RIDGEWOOD, NY, 11385",CONDOMINIUM
CD950077,104 RUTLEDGE STREET CONDO,"104 RUTLEDGE, BROOKLYN, NY, 11211",CONDOMINIUM
CD950119,1411 CONDOMINIUM (THE) (RESUBMIT),"201 EAST 80TH STREET AKA 1411 3RD AVENUE, NEW YORK, NY",CONDOMINIUM
H830059,HUNT FARMS,"MEAD STREET AND ROUTE 35, LEWISBORO, NY, 10597",HOMEOWNERS ASSOCIATION
H850116,HUGUENOT VILLAGE,"HUGUENOT AVENUE AND ARTHUR KILL ROAD, STATEN ISLAND, NY, 10306",HOMEOWNERS ASSOCIATION
T830010,VOYAGER BEACH CLUB,"11860 GULF BOULEVARD, TREASURE ISLAND, FL, 33706",OTHER
C820144,84-20 51ST AVENUE,"84-20 51ST AVENUE B *CPS-5-08/0013*, ELMHURST, NY, 11373",COOPERATIVE
C850543,415 BEVERLY ROAD,"415 BEVERLY ROAD, BROOKLYN, NY, 11218",COOPERATIVE
C850677,70 PARK TERRACE EAST,"70 PARK TERRACE EAST, NEW YORK, NY, 10003",COOPERATIVE
C880429,1261 CENTRAL AVENUE,"1261 CENTRAL AVENUE, FAR ROCWAWAY, NY, 11651",COOPERATIVE
CD840122,PORTSIDE AT WESTHAMPTON BEACH CONDO,"LIBRARY AVENUE, WESTHAMPTON BEACH, NY, 11978",CONDOMINIUM
CD850277,REGENT'S PARK GARDEN   *  (CPS-8  #01/0016),"135-04/14 JEWEL AVENUE (CPS-5/ #12-013), FLUSHING, NY, 11367",CONDOMINIUM
CD870275,LAMPLIGHTER APARTMENTS,"77 OLD LYME DRIVE OFFICE, AMHERST, NY, 14221",CONDOMINIUM
CD910068,FARMBROOK OFFICE PARK CONDO I (CPS-1),"1625 ROCHESTER ROAD, RTE 332, FARMINGTON, NY, 14425",CONDOMINIUM
CD940092,"ATLANTIC II AT THE POINT, A CONDOMINIUM","BISCAYNE BLVD & N.E. 207TH STREET, AVENTURA, FL, 33180",CONDOMINIUM
H770013,PICKWICK AT ROCKY PT B-CLUB (CPS-5-#90-013),"SOUNDVIEW HARBOR, ROCKY POINT RD, ROCKY POINT, NY, 11778",HOMEOWNERS ASSOCIATION
H850129,CAMELOT  (HOA),"RD 2 OLDE ROAD, FRENCH CREEK, NY, 14724",HOMEOWNERS ASSOCIATION
NY910012,557 WEST 140TH STREET (HDFC),"557 WEST 140TH STREET, NEW YORK, NY",OTHER
NY930014,2775-79 8TH AVENUE HDFC,"2775-79 8TH AVENUE, NEW YORK, NY, 11232",OTHER
NY950016,1750 MONROE STREET HDFC,"1750 MONROE STREET, BRONX, NY, 10457",OTHER
NY950019,151-153-155 WEST 106TH STREET HDFC,"151-153-155 WEST 106TH STREET, NEW YORK, NY, 10006",OTHER
C830180,135 MACDOUGAL STREET,"135 MACDOUGAL STREET, NEW YORK, NY, 10011",COOPERATIVE
C830357,LAKELAND GARDEN TENANTS CORP.,"195-239 LAKELAND AVENUE, SAYVILLE, NY, 11780",COOPERATIVE
C870353,40-52 LEXINGTON AVENUE(CPS-1),"40-52 LEXINGTON AVENUE, NEW YORK, NY",COOPERATIVE
C870541,2101 BAY RIDGE PARKWAY,"2101 BAY RIDGE PARKWAY, BROOKLYN, NY, 11204",COOPERATIVE
CD840226,MONTAUK MANOR,"EDGEMERE STREET, MONTAUK, NY, 11954",CONDOMINIUM
CD870252,437 13TH. STREET CONDOMINIUM,"437 13TH. STREET, BROOKLYN, NY, 11215",CONDOMINIUM
CD870440,CLINTON COURT MANOR CONDO (RESUB),"68 FOURTH PLACE, BROOKLYN, NY, 11231",CONDOMINIUM
CD880129,NEW BLEECKER CONDOMINIUM,"75 BLEEKER STREET A/K/A 643 BROADWAY, NEW YORK, NY, 10012",CONDOMINIUM
CD930016,TIMBER RIDGE AT HOLTSVILLE CONDO II,"EXPRESSWAY DRIVE SOUTH, HOLTSVILLE, NY, 11742",CONDOMINIUM
H850035,NORTHHAMPTON TOWNHOMES (CPS-1),"LONG POND ROAD, GREECE, NY, 14616",HOMEOWNERS ASSOCIATION
H870033,WOODLANDS AT TUXEDO PHASE I,"EAGLE VALLEY/SOUTHGATES RDS, ROUTE 84, TUXEDO, NY",HOMEOWNERS ASSOCIATION
H890031,NORDIC RUN HOA (CPS-1),"ROUTE 30 AND LONG'S HILL ROAD, MINERVA, NY, 12851",HOMEOWNERS ASSOCIATION
H900132,CANTERBURY WOODS HOA(CPS-1),"YE OLDE ROAD, FRENCH CREEK, NY, 14724",HOMEOWNERS ASSOCIATION
H960002,SPRING ROAD HOME OWNERS ASSOCIATION,"SPRING ROAD, HUNTINTON, NY, 11743",HOMEOWNERS ASSOCIATION
NY840001,ESSEX HOUSE CONDOMINIUM,"160 CENTRAL PARK SOUTH, NEW YORK, NY, 10019",CONDOMINIUM
C790051,250 EAST 87TH STREET,"250 EAST 87TH STREET, NEW YORK, NY, 10028",COOPERATIVE
C790062,215 OWNERS CORPORATION,"215 WEST 78TH STREET, NEW YORK, NY, 10024",COOPERATIVE
C810250,232 W. 75TH STREET,"232 W. 75TH STREET, NEW YORK, NY, 10023",COOPERATIVE
C830068,4784 BOSTON POST ROAD,"4784 BOSTON POST ROAD, PELHAM MANOR, NY, 99999",COOPERATIVE
C860026,143 WEST 81ST STREET,"143 WEST 81ST STREET, NEW YORK, NY, 10024",COOPERATIVE
C870207,155-17 SANFORD AVENUE,"155-17 SANFORD AVENUE, FLUSHING, NY, 11355",COOPERATIVE
C880404,99-40/99-60/99-05 63RD ROAD,"99-40/99-60/99-05 63RD ROAD, REGO PARK, NY, 11384",COOPERATIVE
CD860391,FAIRVIEW AT ARTIST LAKE CONDO 11,"ROCKY POINT - YAPHANK ROAD, MIDDLE ISLAND, NY",CONDOMINIUM
CD880004,TAMMARON BAY AT BONITA BAY(CPS-1),"BONITA BAY, BONITA SPRINGS, FL",CONDOMINIUM
H850078,"SARATOGA CLUBHOUSE ESTATES HOA, INC (RESUBMIT","CRESCENT AVENUE, SARATOGA SPRINGS, NY, 12866",HOMEOWNERS ASSOCIATION
H900049,LUCILLE HOMEOWNERS,"WIRT AVENUE & WINANT AVENUE, STATEN ISLAND, NY, 10312",HOMEOWNERS ASSOCIATION
H910048,ARBORETURN (THE),"104 OCEAN GREENS LANE (CPS-1), CASWELL BEACH, NC, 28465",HOMEOWNERS ASSOCIATION
NY900064,154 SOUTH 3RD STREET HDFC,"154 SOUTH 3RD STREET, BROOKLYN, NY, 11211",COOPERATIVE
NY910063,211 ST JAMES PLACE HDFC,"211 ST JAMES PLACE, BROOKLYN, NY",OTHER
NY920066,724 EAST 216TH STREET HDFC,"724 EAST 216TH STREET, BRONX, NY",OTHER
C800456,370 CENTRAL PARK WEST OWNERS. CORP.,"370 CENTRAL PARK WEST, NEW YORK, NY, 10024",COOPERATIVE
C810455,214 ST. JOHN'S PLACE,"214 SAINT JOHN'S PLACE, BROOKLYN, NY, 11217",COOPERATIVE
C850775,73/75 PIERREPONT STREET,"73/75 PIERREPONT STREET, BROOKLYN, NY, 11201",COOPERATIVE
C860678,430 WEST 34TH STREET,"430 WEST 34TH STREET, NEW YORK, NY, 10016",COOPERATIVE
CD830053,SCARBOROUGH HOUSE CONDOMINIUM,"1000 EAST AVENUE, ROCHESTER, NY, 14607",CONDOMINIUM
CD830241,MAMARONECK PLAZA OFFICE CONDO. CPS1,"407 MAMARONECK AVE., WHITE PLAINS, NY, 10605",CONDOMINIUM
CD830270,"RIVERWOOD, A CONDOMINIUM","HUTCHINSON ISLAND, STUART, FL, 33494",CONDOMINIUM
CD850051,LINDWOOD CONDOMINIUM,"125 DEPEW STREET, PEEKSKILL, NY, 10566",CONDOMINIUM
CD870373,LIBERTY PLAZA I CONDOMINIUM,"158-160 SACKETT STREET, BROOKLYN, NY, 11231",CONDOMINIUM
H930036,SUN CITY PALM SPINGS HOA (CPS-1),"78-257 RAINBOW DRIVE, BERMUDA DUNES, CA, 92201",HOMEOWNERS ASSOCIATION
H930067,STONEGATE HOA,"ROUTE 301, KENT, NY, 10512",HOMEOWNERS ASSOCIATION
H950065,PRIVATE DRIVE HOMES AT ENGLISH STATION,"ENGLISH STATION ROAD, GREECE, NY, 14616",HOMEOWNERS ASSOCIATION
NY900048,1201 SHAKESPEARE AVENUE HDFC,"1201 SHAKESPEARE AVENUE, BRONX, NY, 10452",OTHER
NY910046,814-16 MANIDA STREET HDFC,"814-16 MANIDA STREET, BRONX, NY, 10474",OTHER
NY910049,339-41 BEDFORD AVENUE HDFC,"339-41 BEDFORD AVENUE, BROOKLYN, NY",OTHER
C830047,20 WEST 72ND STREET,"20 WEST 72ND STREET, NEW YORK, NY, 10023",COOPERATIVE
C830076,355 RIVERSIDE DRIVE,"355 RIVERSIDE DRIVE, NEW YORK, NY, 10025",COOPERATIVE
C850454,25 TUDOR CITY PLACE,"25 TUDOR CITY PLACE, NEW YORK, NY, 10017",COOPERATIVE
C850717,124/128 WEST 72ND STREET,"124/128 WEST 72ND STREET, NEW YORK, NY, 10022",COOPERATIVE
C860268,334 EAST 83RD STREET,"334 EAST 83RD STREET, NEW YORK, NY, 10028",COOPERATIVE
C860595,1861 GRAND AVE,"1861 GRAND AVENUE, BALDWIN, NY",COOPERATIVE
C870043,50 LEFFERTS AVENUE,"50 LEFFERTS AVENUE, BROOKLYN, NY, 11225",COOPERATIVE
CD820152,ELIZABETH EAST CONDOMINIUM,"54-56 ELIZABETH STREET, PLATTSBURGH, NY, 12901",CONDOMINIUM
CD840197,SEXTON CONDOMINIUM,"530 WEST END AVENUE, NEW YORK, NY, 10025",CONDOMINIUM
CD850054,437 WEST 43RD STREET (RESUBMIT),"437 WEST 43RD STREET, NEW YORK, NY, 10036",CONDOMINIUM
CD880080,KEY GATE CONDO. #3 (9/5/89 ALL UNITS SOLD),"VILLAGES OF HOMESTEAD, HOMESTEAD, FL, 33035",CONDOMINIUM
CD890313,STANTON HILL CONDO I,"DELAWARE AVENUE AND STANTON STREET, TROY, NY, 12181",CONDOMINIUM
CD910038,162 WEST 122ND STREET (CPS-1),"162 WEST 122ND STREET, NEW YORK, NY, 10027",CONDOMINIUM
H880136,TORY HILL HOA,"N.Y.S. ROUTE 22, HILLSDALE, NY, 12529",HOMEOWNERS ASSOCIATION
NY920069,585 NOSTRAND AVENUE HDFC,"585 NOSTRAND AVENUE, BROOKLYN, NY, 11216",COOPERATIVE
C800321,DUNE ALPIN FARM CORP.,"DUNE ALPIN FARM CORP., EAST HAMPTON, NY, 11937",COOPERATIVE
C810322,86-16 60TH AVE.,"86-16 60TH AVE., REGO PARK, NY, 11374",COOPERATIVE
C840115,"2951 OCEAN AVENUE APARTMENTS, INC.","2951 OCEAN AVENUE, BROOKLYN, NY, 11235",COOPERATIVE
C850266,47-37 45TH STREET,"47-37 45TH STREET, WOODSIDE, NY, 11377",COOPERATIVE
C870050,121 -131 FT GEORGE AVENUE,"121 - 131 FT GEORGE AVENUE, NEW YORK, NY, 10040",COOPERATIVE
C880111,8646 FORT HAMILTON PARKWAY,"8646 FORT HAMILTON PARKWAY, BROOKLYN, NY, 11209",COOPERATIVE
C880259,880 68TH & 877 BAYRIDGE AVENUE,"880 68TH & 877 BAYRIDGE AVENUE, BROOKLYN, NY, 11220",COOPERATIVE
C880292,260 WEST STREET,"260 WEST STREET, MT KISCO, NY, 10549",COOPERATIVE
C890041,CAMELOT COURT OWNERS,"PINE & OAK WALKS, KISMET, NY, 11706",COOPERATIVE
C890052,COLD SPRING BAY,"COUNTY ROAD 39, SOUTHAMPTON, NY, 11968",COOPERATIVE
CD840311,203 CONDOMINIUM,"203 WEST 81ST STREET, NEW YORK, NY, 10024",CONDOMINIUM
CD870339,PARK ESTATE CONDOMINIUM (RESUBMIT),"829-831 43RD STREET, BROOKLYN, NY, 11232",CONDOMINIUM
CD880200,ATHENE' MEDICAL ARTS BLDG(CPS-1),"CRAFT ROAD, LANSING, NY",CONDOMINIUM
NY880029,304 SOUTH 3RD STREET,"304 SOUTH 3RD STREET, BROOKLYN, NY, 11211",COOPERATIVE
NY880033,30 MACOMBS PLACE,"30 MACOMBS PLACE, NEW YORK, NY",COOPERATIVE
C800354,6. W. 71 ST. OWNERS CORP.,"6 W. 71ST ST., NEW YORK, NY, 10023",COOPERATIVE
C810070,159-00 RIVERSIDE DRIVE WEST,"159-00 RIVERSIDE DRIVE WEST, NEW YORK, NY, 10032",COOPERATIVE
C810568,340 WEST 55TH. ST. A/K/A THE SHERWOOD,"340 W. 55TH ST., NEW YORK, NY, 10019",COOPERATIVE
C830378,55 7TH AVENUE TENANTS CORP.,"55 7TH AVENUE, BROOKLYN, NY, 11217",COOPERATIVE
C840334,71 WASHINGTON PLACE,"71 WASHINGTON PLACE, NEW YORK, NY, 10011",COOPERATIVE
C860524,245 FOREST AVENUE,"245 FOREST AVENUE, STATEN ISLAND, NY, 10301",COOPERATIVE
C870360,3 ROOT AVENUE(CPS-1),"3 ROOT AVENUE, CHAUTAUQUA, NY, 14722",COOPERATIVE
C870577,108-24 71ST AVENUE,"108-24 71ST AVENUE, FOREST HILLS, NY",COOPERATIVE
CD810021,PARSONAGE POND,"PARSONAGE POND, SAGAPONACK, NY, 11962",CONDOMINIUM
CD880397,6 WEST 107TH STREET (RS-3 FILED 07/23/90),"6 WEST 107TH STREET, NEW YORK, NY, 10025",CONDOMINIUM
CD890150,EAU GALLIE HARBOUR CLUB(CPS-1),"905 NORTH HARBOUR CITY BLVD, MELBOURNE, FL",CONDOMINIUM
CD900069,EISENHOWER PROFESSIONAL CONDO,"2870 HEMPSTEAD TURNPIKE, LEVITTOWN, NY, 11756",CONDOMINIUM
H870206,FIELDSTONE POND,"PUTNAM LAKE RD, HAMLET, NY",HOMEOWNERS ASSOCIATION
H910083,TOWN & COUNTRY HOA IV,"RICHMOND HILL ROAD & RICHMOND HILL AVNEUE, STATEN ISLAND, NY, 10314",HOMEOWNERS ASSOCIATION
H920052,DESERT MOUNTAIN OWNERS ASSOC-MOUNTAIN SKYLINE,"10333 ROCKAWAY HILLS, SCOTTSDALE, AZ, 85262",HOMEOWNERS ASSOCIATION
C810543,437 THIRD STREET,"437 THIRD ST., BROOKLYN, NY, 11211",COOPERATIVE
C850668,"77-02,77-10 34TH AVENUE","77-02,77-10 34TH AVENUE, NEW YORK, NY, 11372",COOPERATIVE
C860336,414 ALBEMARLE ROAD,"414 ALBEMARLE ROAD, BROOKLYN, NY, 11211",COOPERATIVE
CD850176,HUDSON TOWER AT BATTERY PARK,"320-340/350 ALBANY STREET, NEW YORK, NY, 10006",CONDOMINIUM
CD890442,DELAWARE TOWER CONDOMINIUM/1088 DELAWARE AVE.,"1088 DELAWARE AVENUE, BUFFALO, NY, 14209",CONDOMINIUM
CD900160,71 PARK AVENUE CONDOMINIUM,"71 PARK AVENUE, NEW YORK, NY, 10016",CONDOMINIUM
H850096,SAND BROOK H.O.A  (RESUBMIT),"WHITEFACE INN ROAD, LAKE PLACID, NY, 12946",HOMEOWNERS ASSOCIATION
H870014,CROSBY CLOSE,"465 MAMARONECK ROAD, SCARSDALE, NY, 10583",HOMEOWNERS ASSOCIATION
H870100,GREENWOOD AT OAKDALE HOA,"RACE PLACE, TOWN OF ISLIP, NY, 11769",HOMEOWNERS ASSOCIATION
H880062,NORTHSLOPE III AT SHAWNEE MOUNTAIN,"SKYVIEW DRIVE, SHAWNEE-ON-DELAWARE, PA, 18356",HOMEOWNERS ASSOCIATION
H880167,\TEMPLE COURT H O A,"CHURCH AVENUE AND TEMPLE COURT, STATEN ISLAND, NY, 10314",HOMEOWNERS ASSOCIATION
H890040,WESTMINSTER VILLAGE (CPS-1),"RTE 20/ AKA EAST GENESEE ST, AUBURN, NY, 13021",HOMEOWNERS ASSOCIATION
H900007,"PINEGROVE PARK ASSON., INC. PHASE I","COUNTRY CLUB LANE, HAMBURG, NY, 14075",HOMEOWNERS ASSOCIATION
H920005,LAKE BERNADETTE COMMUNITY ASSOCIATION (CPS-1),"5425 LINKS LANE, ZEPHYRHILLS, FL, 33541",HOMEOWNERS ASSOCIATION
H960001,"EMERSONIA HOMEOWNERS ASSOCIATION, INC","130 COVERLY AVENUE, STATEN ISLAND, NY, 10306",HOMEOWNERS ASSOCIATION
C810476,20 WEST 38TH STREET,"20 WEST 38TH STREET, NEW YORK, NY, 10016",COOPERATIVE
C820108,73-37 AUSTIN STREET,"73-37 AUSTIN STREET, FOREST HILLS, NY, 11375",COOPERATIVE
C850742,218 LINCOLN PLACE,"218 LINCOLN PLACE, BROOKLYN, NY, 11217",COOPERATIVE
C870330,123 W 81ST STREET,"123 W 81ST STREET, NEW YORK, NY, 10024",COOPERATIVE
C870645,562 WEST END AVENUE,"562 WEST END AVENUE, NEW YORK, NY",COOPERATIVE
C880049,561 TENTH STREET,"561 TENTH STREET, BROOKLYN, NY, 11215",COOPERATIVE
CD810076,WHITEBEACH LUXURY CONDO I,"SCHURZ AVE., BRONX, NY, 10465",CONDOMINIUM
CD850342,108 EAST 35TH STREET CONDOMINIUM,"108 EAST 35TH STREET, NEW YORK, NY, 10016",CONDOMINIUM
CD860248,LAKELAND CONDO IV A/K/A LAKES AT SETAUKET,"OLD TOWN ROAD, SETAUKET, NY",CONDOMINIUM
CD870245,SANTA FE CONDOMINIUM,"257-259-261 TWELFTH STREET, HOBOKEN, NJ, 07030",CONDOMINIUM
CD880193,READE HOUSE CONDOMINIUM,"311 GREENWICH STREET, NEW YORK, NY, 10013",CONDOMINIUM
CD880376,NOB HILL CONDOMINIUM,"TARRYTOWN ROAD, VILLAGE OF ELMSFORD, NY, 10523",CONDOMINIUM
CD890269,FRANKLIN COMMONS CONDOMINIUM,"55 SOUTH FRANKLIN AVENUE, NYACK, NY, 10960",CONDOMINIUM
CD910096,MILES BARLOW CONDOMINIUM,"MILES AND BARLOW AVENUE, STATEN ISLAND, NY, 10308",CONDOMINIUM
CD920011,ROSEWOOD CONDOMINIUM (THE),"322 WEST 14TH STREET, NEW YORK, NY, 10014",CONDOMINIUM
C700009,GRAMERCY OWNERS CPS-5-#89-116),"44 GRAMERCY PARK NORTH, NEW YORK, NY",COOPERATIVE
C800539,105-111 WEST 70TH STREET,"105-111 W. 70TH ST., NEW YORK, NY, 10023",COOPERATIVE
C810040,CAPRICE (ABANDONED 3/13/84-RS3),"320 EAST 58TH ST., NEW YORK, NY, 10022",COOPERATIVE
C810684,"133-135 E. 30TH STREET (CPS-5, #90-051)","133-135 E. 30TH ST., NEW YORK, NY, 10016",COOPERATIVE
C830370,21 MONROE HOUSING CORP.,"21 MONROE PLACE, BROOKLYN, NY, 11201",COOPERATIVE
C840304,396 EIGHTH STREET TENANTS CORP.,"396 EIGHTH STREET, BROOKLYN, NY, 11215",COOPERATIVE
C850099,24 EIGHTH AVENUE,"24 EIGHTH AVENUE, BROOKLYN, NY, 11217",COOPERATIVE
C870142,474 3RD OWNERS CORP,"474 3RD STREET, BROOKLYN, NY, 11215",COOPERATIVE
C870456,128-11 NEWPORT AVENUE,"128-11 NEWPORT AVENUE, BELLE HARBOR, NY, 11694",COOPERATIVE
CC840004,MERCER SQUARE OWNERS CORP. **CPS-5-00-006**,"250 MERCER STREET, NEW YORK, NY, 10012",COOPERATIVE/CONDOMINIUM
CD820208,TURTLE BAY HOUSE CONDOMINIUM,"249 EAST 48TH STREET, NEW YORK, NY, 10017",CONDOMINIUM
CD900039,AUSTIN ST COMMERICAL II CONDO,"70-15/17 AUSTIN STREET, FOREST HILLS, NY, 11375",CONDOMINIUM
CD900095,LEXINGTON COUNCIL CONDO,"86-88 MESEROLE AVENUE, BROOKLYN, NY, 11222",CONDOMINIUM
CD920093,ORCHARDS AT HOLMDEL,"LAUREL AVENUE, HOLMDEL, NJ, 07733",CONDOMINIUM
H860134,LAKES OF SHERBROOKE (CPS-1),"8443 WHITE EGRET WAY, LAKE WORTH, FL, 33467",HOMEOWNERS ASSOCIATION
C810183,PENNY POINT ESTATES (ARLINGTON SHORES),"40 PENNY LANE, HAMPTON BAYS, NY, 11946",COOPERATIVE
C840192,42-42 COLDEN STREET,"42-42 COLDEN STREET, NEW YORK, NY, 11355",COOPERATIVE
C850513,655 MIDDLE COUNTRY ROAD,"655 MIDDLE COUNTRY ROAD, TOWN OF BROOKHAVEN, NY, 11727",COOPERATIVE
C860570,68-37 108TH STREET/AKA CAPRI GARDENS,"68-37 108TH STREET, FOREST HILLS, NY, 11375",COOPERATIVE
C870511,44 HICKS STREET,"44 HICKS STREET, BROOKLYN, NY, 11201",COOPERATIVE
CD810117,HOLLYWOOD HILLS CONDO,"HOLLYWOOD HILLS RD, OLD FORGE, NY, 13420",CONDOMINIUM
CD830115,MILLBROOK HOLLOW CONDOMINIUM,"FRANKLIN AVENUE, ROUTE 44, MILLBROOK, NY, 99999",CONDOMINIUM
CD860170,WOODS AT KING POND,"WOODS BROOKE CIRCLE & BULLET HOLE ROAD, CARMEL, NY, 10541",CONDOMINIUM
CD870410,1250-1260 AVENUE Y CONDO(CPS-1),"1250-1260 AVENUE Y, BROOKLYN, NY, 11235",CONDOMINIUM
CD960032,TWIN PONDS (CPS-1),"BOWMAN AVENUE, RYEBROOK, NY, 10573",CONDOMINIUM
H850128,RAYCLIFFE AT WOODSTOCK *ALL UNITS SOLD*,"WEST SAUGERTIES ROAD, WOODSTOCK, NY",HOMEOWNERS ASSOCIATION
L800013,"135 HUDSON ST. COOP., INC.","135 HUDSON ST., NEW YORK, NY, 10013",COOPERATIVE
NY870008,444 WEST 54TH STREET,"444 WEST 54TH STREET, NEW YORK, NY, 10019",COOPERATIVE
NY920010,517 WEST 48TH STREET HDFC,"517 WEST 48TH STREET, NEW YORK, NY, 10036",OTHER
NY940012,98-100 AVENUE C HDFC,"98-100 AVENUE C, NEW YORK, NY, 10009",OTHER
C790127,331 TENANTS CORPORATION,"331 EAST 83RD ST., NEW YORK, NY, 10028",COOPERATIVE
C800046,WYKAGYL GARDENS,"WYKAGYL GARDENS, NEW ROCHELLE, NY, 10802",COOPERATIVE
C810045,WESTCHESTER TOWERS,"1841-1853 CENTRAL PARK AVE., YONKERS, NY, 10710",COOPERATIVE
C810166,334 TENANTS CORP (CPS-6 #93-030),"332-334 WEST 85TH STREET, NEW YORK, NY, 10024",COOPERATIVE
C820424,23 STERLING PLACE,"23 STERLING PLACE, BROOKLYN, NY, 11217",COOPERATIVE
C830181,9411 SHORE ROAD,"9411 SHORE ROAD, BROOKLYN, NY, 11209",COOPERATIVE
C850188,175 EASTERN PARKWAY,"175 EASTERN PARKWAY, BROOKLYN, NY, 11238",COOPERATIVE
CD800139,WOODBROOKE ESTATES COND. SECTION II,"CHARLESTON AVE. & HAMPTON PLACE, STATEN ISLAND, NY, 10309",CONDOMINIUM
CD820024,VISCAYA CONDOMINIUMS,"110 EAST 71ST STREET, NEW YORK, NY, 10021",CONDOMINIUM
CD850038,HARBOR TOWERS (CPS-1),"3900 WASHINGTON ROAD, W. PALM BEACH, FL, 33405",CONDOMINIUM
CD850050,FLUSHING GARDENS CONDOMINIUM,"134-05,11,17 DAHLIA AVE., 43-15 SAULL STREET, FLUSHING, NY, 11355",CONDOMINIUM
CD880498,RIVERVIEW CONDOMINIUM HOTEL(CPS-1),"2 NORTH ST AUGUSTINE BLVD, ST AUG, FL, 32084",CONDOMINIUM
CD880529,BROOKHILL RESIDENCES I,"WHITEFACE INN ROAD, LAKE PLACID, NY, 12946",CONDOMINIUM
CD960047,CEDERS AT CRYSTAL SPRINGS CONDOMINIUM (THE),"SUGAR MAPLE LANE, HAMBURG, NJ, 07419",CONDOMINIUM
NY870005,280 MOTT STREET H.D.F.C.,"280 MOTT STREET, NEW YORK, NY",COOPERATIVE
C790254,210 E. 21ST STREET TENANTS CORP.,"210 E. 21ST STREET, NEW YORK, NY, 10010",COOPERATIVE
C840283,237-39 ELDRIDGE STREET,"237 ELDRIDGE STREET, NEW YORK, NY, 10002",COOPERATIVE
C860281,78-86 THAYER STREET,"78-86 THAYER ST., NEW YORK, NY",COOPERATIVE
C890174,KIAMESHA INN BUNGALOWS INC.,"FRASIER ROAD, KIAMESHA, NY, 12751",COOPERATIVE
CC870009,47 WALKER STREET CONDOMINIUM,"47 WALKER STREET, NEW YORK, NY, 10013",COOPERATIVE
CD810138,OAKRIDGE CONDOMINIUM V,"WEST OF SMITH RIDGE ROAD ROUTE 123, VISTA, NY, 10590",CONDOMINIUM
CD830158,82 BEAVER STREET CPS1,"82 BEAVER STREET, NEW YORK, NY, 10007",CONDOMINIUM
CD850416,REMSEN GARDENS CONDOMINIUM,"1270-1288 EAST 91ST STREET, BROOKLYN, NY, 11236",CONDOMINIUM
CD860489,CLOS 76 CONDOMINIUM (THE),"40 WEST 76TH STREET, NEW YORK, NY, 10023",CONDOMINIUM
H820007,BIRCH RUN HOMEOWNER'S ASSOCIATION,"BIRCH RUN HOMEOWNER'S ASSOCIATION, SARATOGA SPRINGS, NY, 12866",HOMEOWNERS ASSOCIATION
H840029,BOCAIRE HOMEOWNERS ASSOCIATION,"2501 PALM-AIRE DRIVE NORTH, POMPANO BEACH, FL, 33431",HOMEOWNERS ASSOCIATION
H850012,VILLAGE OF WOODLAND HILLS (CPS-1),"300 CASCADE LANE, PLAM HARBOR, FL, 33563",HOMEOWNERS ASSOCIATION
H860003,HAILE PLANTATION (CPS-1) (SEE NEW # H86-015),"4620 S.W. 75TH STREET, GAINESVILLE, FL, 32608",HOMEOWNERS ASSOCIATION
H890118,RIDGEWOOD HOA,"BOX 177 STAR RT., FORT ANN, NY, 12804",HOMEOWNERS ASSOCIATION
NY880037,1516 BEDFORD AVENUE,"1516 BEDFORD AVENUE, BROOKLYN, NY, 11216",COOPERATIVE
C790158,157 PPW OWNERS LTD,"157 PROSPECT PARK WEST, BROOKLYN, NY, 11215",COOPERATIVE
C790304,195 PRINCE CORP,"195 PRINCE STREET, NEW YORK, NY, 10012",COOPERATIVE
C810767,122 WEST 73RD STREET,"122 WEST 73RD ST., NEW YORK, NY, 10023",COOPERATIVE
C820150,SAXONY HALL(NEW # C-85-0365),"87-15 165TH STREET, JAMAICA, NY, 11435",COOPERATIVE
C840095,"ONE HUNDRED GRAND, INC.-WITHDRAW","100-102 GRAND STREET (SEE *C 84-354 ), NEW YORK, NY, 10012",COOPERATIVE
C850447,154 RADFORD STREET (RESUBMIT),"154 RADFORD STREET, YONKERS, NY, 10705",COOPERATIVE
C850479,2506 DAVIDSON AVE,"2506 DAVIDSON AVE, BRONX, NY, 10458",COOPERATIVE
C860093,105 WEST 105TH STREET,"105 WEST 105TH STREET, NEW YORK, NY, 10128",COOPERATIVE
C890246,317 WEST 104TH STREET,"317 WEST 104TH STREET, NEW YORK, NY, 10024",COOPERATIVE
C900047,"BEVERWYCK, INC.","40 AUTUMN DRIVE, SLINGERLANDS, NY, 12159",COOPERATIVE
CD780147,988 FIFTH AVENUE CONDOMINIUM,"988 FIFTH AVENUE, NEW YORK, NY, 10021",CONDOMINIUM
CD830259,OLIVER STREET CONDO,"29 OLIVER STREET, NEW YORK, NY, 10038",CONDOMINIUM
CD870045,GLENWOOD EAST CONDOMINIUM,"1097-1113 EAST 93RD STREET, BROOKLYN, NY, 11236",CONDOMINIUM
H870186,NORTH STAR VILLAGE AT BRISTOL MOUNTAIN,"BRISTOL VALLEY RD. RD. 64, S. BRISTOL, NY, 14424",HOMEOWNERS ASSOCIATION
H880001,KEYS GATE COMMUNITY ASSOC,"VILLAGES OF HOMESTEAD, HOMESTEAD, FL, 33035",HOMEOWNERS ASSOCIATION
C810145,350 E. 77TH ST. CORP.,"350 E. 77TH STREET, NEW YORK, NY, 10021",COOPERATIVE
C830143,SURF CLUB AT MONTAUK,"ESSEX STREET & SURFSIDE AVENUE, MONTAUK, NY, 11954",COOPERATIVE
C850288,180 THOMPSON OWNERS CORP.,"180 THOMPSON STREET, NEW YORK, NY, 10012",COOPERATIVE
C850577,13 CHEEVER PL OWNERS CORP,"13 CHEEVER PLACE, BROOKLYN, NY, 11231",COOPERATIVE
C870575,202 WASHINGTON AVENUE,"202 WASHINGTON AVENUE, CEDARHURST, NY, 11516",COOPERATIVE
CD860227,HILL CONDOMINIUM (THE),"171-183 BATTLE AVENUE, WHITE PLAINS, NY, 10606",CONDOMINIUM
CD860249,RIVERVIEW CHATEAU CONDOMINIUM (CPS-1),"11-18 31ST AVENUE, ASTORIA, NY, 11106",CONDOMINIUM
CD870474,132 LAFAYETTE CONDO (ABAND RS-3 FILED 1/6/89),"132 LAFAYETTE STREET, NEW YORK, NY",CONDOMINIUM
CD890173,AMERICA CONDOMINIUM,"470 PARK PLACE, LONG BEACH, NY, 11561",CONDOMINIUM
CD900143,37-47 75TH STREET CONDO,"37-47 75TH STREET, JACKSON HEIGHTS, NY, 11375",CONDOMINIUM
H870145,"LAKESHORE HOMEOWNERS I,II,III","P.O. 340 (COPAKE LAKE, TOWN OF COPAKE), CRARYVILLE, NY, 12521",HOMEOWNERS ASSOCIATION
H880109,"BRIDGE HOLLOW HOMEOWNERS ASSOCIATION,LTD.","ROUTE 240, CONCORD, NY, 10469",HOMEOWNERS ASSOCIATION
NY820030,1500 BOSTON ROAD,"1500 BOSTON ROAD, BRONX, NY, 10460",COOPERATIVE
NY840032,172 DELANCEY STREET,"172 DELANCEY STREET, NEW YORK, NY, 10002",OTHER
NY860034,760 HUNT POINT AVENUE,"760 HUNT POINT AVENUE, BRONX, NY, 10452",COOPERATIVE
C780023,45 WEST PONDFIELD ROAD,"45 WEST PONDFIELD ROAD, BRONXVILLE, NY, 10708",COOPERATIVE
C780170,MOUNTAIN MEADOWS PARK,"TOWN OF HOLLAND, ERIE, NY",COOPERATIVE
C830348,PARK EAST OWNERS CORP.,"105 EAST 38TH STREET, NEW YORK, NY, 10016",COOPERATIVE
C840116,GRISWALD (THE),"141-05 PERSHING CRESCENT, BRIARWOOD, NY, 11435",COOPERATIVE
C850490,38-25 PARSONS BLVD,"38-25 PARSONS BLVD, NEW YORK, NY, 11354",COOPERATIVE
C850763,150 EAST 18TH STREET,"150 EAST 18TH STREET, BROOKLYN, NY, 11226",COOPERATIVE
C860306,322 & 324 WEST 88TH STREET,"322 & 324 WEST 88TH STREET, NEW YORK, NY, 10024",COOPERATIVE
C860609,INGRESS AT ERIE CANAL OFFICE PARK (CPS-1),"1700 LONG POND ROAD, GREECE, NY, 14626",COOPERATIVE
C860738,1560 EAST 18TH STREET,"1560 EAST 18TH STREET, BROOKLYN, NY, 11230",COOPERATIVE
CD880367,BAY RIDGE MEDICAL OFFICE CONDOMINIUM,"370 BAY RIDGE PARKWAY, BROOKLYN, NY, 11209",CONDOMINIUM
H840048,LAKESHORE HILLS,"ROUTE 9N, HAGUE, NY, 12836",HOMEOWNERS ASSOCIATION
H840083,OAKMONT COLONY HOA,"EAST RIVER ROAD, GRAND ISLAND, NY, 99999",HOMEOWNERS ASSOCIATION
H860081,VILLAGE GATE AT NYACK,"ROUTE 9W, ORANGTOWN, NY",HOMEOWNERS ASSOCIATION
H910053,CANTERBURY WOODS HOA,"YE OLDE ROAD (RD #2), CLYMER, NY, 14724",HOMEOWNERS ASSOCIATION
H930051,"GATEHOUSE LANE HOA, INC.F/K/A(PARADISE HOLLOW","600 PARADISE ROAD              ROAD), AMHERST, NY, 14221",HOMEOWNERS ASSOCIATION
C800016,145 NASSAU STREET,"145 NASSAU STREET, NEW YORK, NY, 10038",COOPERATIVE
C810254,347-349 EAST 53RD STREET (CPS-5 #89-094),"347-349 EAST 53RD STREET, NEW YORK, NY",COOPERATIVE
C820418,WINDLE PARK,"56 WINDLE PARK, GREENBERG, NY, 10705",COOPERATIVE
C830042,1409 ALBEMARLE ROAD,"1409 ALBEMARLE ROAD, BROOKLYN, NY, 11226",COOPERATIVE
C830189,NOB HILL COUNTRY CLUB,"NOB HILL COUNTRY CLUB, MONTICELLO, NY, 12701",COOPERATIVE
C850158,51 CROSS STREET,"51 CROSS STREET, YONKERS, NY, 10708",COOPERATIVE
C880212,320 WEST 15TH STREET,"320 WEST 15TH STREET, NEW YORK, NY, 10011",COOPERATIVE
C890159,377 WEST ONONDAGA STREET,"377 WEST ONONDAGA STREET, SYRACUSE, NY, 13202",COOPERATIVE
C950016,HARBOUR COVE,"VERITY LANE, BALDWIN HARBOR, NY, 11510",COOPERATIVE
CD830245,LAKES OF CARRIAGE HILLS #11,"690 SABEL PALM BLVD., EAST TAMARAC, FL, 33319",CONDOMINIUM
CD890188,QUAIL RUN VILLAGE CONDOMINIUM,"3001 JOHNSON ROAD, FORT PIERCE, FL, 34950",CONDOMINIUM
H890007,WOODLAKE COUNTRY CLUB (CPS-1),"WOODLAKE COUNTRY CLUB, VASS, NC, 28394",HOMEOWNERS ASSOCIATION
NY900060,551 WEST 160TH STREET (HDFC),"551 WEST 160TH STREET, NEW YORK, NY",COOPERATIVE
NY940064,1020 TIFFANY STREET HDFC,"1020 TIFFANY STREET, BRONX, NY",OTHER
T890004,ALHAMBRA AT POINCIANA III,"500 EAST CYPRESS PARKWAY, POINCIANA, FL, 32758",OTHER
C800597,310 WEST 79TH STREET,"310 WEST 79TH STREET, NEW YORK, NY, 10024",COOPERATIVE
C840080,SPRING STREET APARTMENT CORP.,"203 SPRING STREET, NEW YORK, NY, 10012",COOPERATIVE
C850262,320 WEST 76TH STREET,"320 WEST 76TH STREET *CPS-5-08/0002*, NEW YORK, NY, 10023",COOPERATIVE
C850643,215 EAST 24TH STREET/PENNY LANE,"215 EAST 24TH STREET, NEW YORK, NY, 10010",COOPERATIVE
C870641,NORTH  ISLE  VILLAGE    *  (CPS -8 #01/0017),"50 GIBBS ROAD, CORAM, NY, 11727",COOPERATIVE
C890097,3424-3434 & 3425-3435 KINGSBRIDGE AVE,"3424-3434 & 3425-3435 KINGSBRIDGE AVE, BRONX, NY, 10463",COOPERATIVE
CD820121,MADEIRA BEACH YACHT CLUB,"MADEIRA BEACH YACHT CLUB, MADEIRA BEACH, FL, 00000",CONDOMINIUM
CD820195,"LAKES OF NEWPORT II, III, XI","7401 WEST BROWARD BLVD., PLANTATION, FL, 33319",CONDOMINIUM
CD830274,HOMESTEAD VILLAGE CONDOMINIUM I,"ROUTE 17A, WARWICK, NY, 10990",CONDOMINIUM
CD850243,REMSEN TOWNHOUSE,"64-49 PERRY AVENUE, MASPETH, NY, 11378",CONDOMINIUM
CD850269,542 LAGUARDIA PLACE CONDOMINIUM,"542 LAGUARDIA PLACE, NEW YORK, NY",CONDOMINIUM
CD860191,ILE ST LOUIS,"243-245 EAST 50TH STREET, NEW YORK, NY, 10022",CONDOMINIUM
CD860542,CLAIRMONT CONDOMINIUM D,"KINGS POINT, TAMARAC, FL, 33172",CONDOMINIUM
H950026,DARNELL LANE HOA,"SHARROTTS ROAD & VETERANS ROAD EAST, STATEN ISLAND, NY, 10309",HOMEOWNERS ASSOCIATION
NY920035,2250 WEBSTER AVE HDFC(RS-3-FILED 5/3/94),"2250 WEBSTER AVENUE, BRONX, NY, 10457",OTHER
C800325,BRADLEE TENANTS CORP.,"69-09 108TH ST., FOREST HILLS, NY, 11375",COOPERATIVE
C820323,SUSSEX HALL,"166-05 HIGHLAND AVE, JAMAICA, NY, 11432",COOPERATIVE
C840207,19 STERLING PLACE,"19 STERLING PLACE, BROOKLYN, NY, 11217",COOPERATIVE
C840426,131 PROSPECT PLACE (RESUBMIT),"131 PROSPECT PLACE (*SEE C 83-322 OLD #), BROOKLYN, NY, 11217",COOPERATIVE
C850074,304-324 OWNERS CORP,"304-324 EAST 41ST STREET, NEW YORK, NY, 10017",COOPERATIVE
C850770,37-16/20 83RD STREET/ AKA WINDSOR APTS,"37-16/20 83RD STREET, NEW YORK, NY, 11375",COOPERATIVE
C860017,342 EAST 87TH STREET,"342 EAST 87TH STREET, NEW YORK, NY, 10128",COOPERATIVE
C870264,72 WEST 82ND STREET,"72 WEST 82ND STREET, NEW YORK, NY, 10024",COOPERATIVE
C870452,311 EAST 83RD STREET,"311 EAST 83RD STREET, NEW YORK, NY, 10028",COOPERATIVE
C880015,24 CANOE PLACE ROAD,"24 CANOE PLACE ROAD, HAMPTON BAYS, NY, 11946",COOPERATIVE
C880203,488 MAPLE STREET,"488 MAPLE STREET, BROOKLYN, NY, 11225",COOPERATIVE
CD960036,VAN BUREN CONDOMINIUM,"40 VAN BUREN DRIVE, MONROE, NY, 10950",CONDOMINIUM
H890085,OLD MASTIC ESTATES,"PRIVATE ROAD, MASTIC BEACH, BROOKHAVEN, NY, 11951",HOMEOWNERS ASSOCIATION
NY820024,32-34 EAST 2ND STREET,"32-34 EAST 2ND STREET, NEW YORK, NY, 10003",COOPERATIVE
NY840029,242-2 SOUTH 2ND STREET,"242-2 SOUTH 2ND STREET, NEW YORK, NY, 99999",OTHER
C800515,VAN RENSSELAER SPORTS LTD,"182 GRAND ST., NEW YORK, NY, 10013",COOPERATIVE
C840270,419 WEST 48TH STREET,"419 WEST 48TH STREET, NEW YORK, NY, 10036",COOPERATIVE
C840511,755-765 BRONX RIVER ROAD,"755-765 BRONX RIVER ROAD, YONKERS, NY, 10708",COOPERATIVE
C870599,92-29 LAMONT AVENUE,"92-29 LAMONT AVENUE, ELMHURST, NY, 11373",COOPERATIVE
C880388,1616 BEVERLY ROAD,"1616 BEVERLY ROAD, BROOKLYN, NY, 11226",COOPERATIVE
CD870361,WAVE CREST CONDOMINIUM,"TENNYSON DRIVE & HEINZ AVENUE, STATEN ISLAND, NY, 10314",CONDOMINIUM
CD890029,TROTTA ARMS CONDOMINIUM,"163 HALSTEAD AVENUE, HARRISON, NY, 10528",CONDOMINIUM
CD890043,DITMAS PRO-MED CENTER,"23-09 31ST STREET, ASTORIA, NY, 11103",CONDOMINIUM
CD890106,VILLA VICTORIA CONDOMINIUM,"2475 PALISADES AVENUE, RIVERDALE, NY, 10463",CONDOMINIUM
CD910060,BETHUNE HOMES COND0,"63-89 BETHUNE BOULEVARD, SPRING VALLEY, NY, 10977",CONDOMINIUM
H850102,WHITE BIRCH-MEWS H.O.A.(RESUBMIT),"BENSON STREET, HINTON STREET & WOODROW ROAD, STATEN ISLAND, NY, 10312",HOMEOWNERS ASSOCIATION
H870137,ARBORS II IN THE ISLES OF TAMARAC (CPS-1),"10026 N.W. 70TH STREET, TAMARAC, FL, 33321",HOMEOWNERS ASSOCIATION
H880010,MILL CREEK HOA,"ADIRONDACK RD, HORICON, NY",HOMEOWNERS ASSOCIATION
NY900030,810 EAST 178TH STREETHDFC,"810 EAST 178TH STREET, BRONX, NY, 10460",OTHER
NY940003,230 LEE AVENUE HDFC,"230 LEE AVENUE, BROOKLYN, NY, 11206",OTHER
C810015,348 W. 36TH ST.,"348 W. 36TH ST., NEW YORK, NY, 10001",COOPERATIVE
C810617,322 EAST 85TH STREET,"322 E. 85TH ST., NEW YORK, NY, 10028",COOPERATIVE
C850011,43-08 41ST STREET COOPERATIVE,"43-08 41ST STREET, SUNNYSIDE, NY, 11104",COOPERATIVE
C850232,BALDWIN ESTATES,"PERSHING BOULEVARD, BALDWIN, NY, 11510",COOPERATIVE
C860561,131-02 NEWPORT AVENUE,"131-02 NEWPORT AVENUE, BELLE HARBOR, NY, 11694",COOPERATIVE
C860670,350 SEVENTH STREET,"350 SEVENTH STREET, BROOKLYN, NY, 11215",COOPERATIVE
C890067,134 HAVEN AVE.(ABANDONED 1/4/91 3RD AMEND),"134 HAVEN AVENUE, NEW YORK, NY, 10032",COOPERATIVE
CD820029,CROCHERON GARDENS CONDO.,"170-20 CROCHERON AVE., FLUSHING, NY, 11358",CONDOMINIUM
CD820165,SEAWINDS,"5080 NORTH OCEAN DRIVE, RIVIERA, FL, 33404",CONDOMINIUM
CD850020,DEAUVILLE AT POINCIANA CONDO (CPS-1),"3536 POINCIANA DR., LAKE WORTH, FL, 33467",CONDOMINIUM
CD850213,CLEARBROOK QUEENSWAY VILLAGE CD # 16(SOLD OUT,"MONROE TOWNSHIP --(SOLD OUT 11/24/87, JAMESBURG, NJ, 08831",CONDOMINIUM
CD860270,CHEMPLEVE CONDO.,"177 ST. MARKS AVENUE, BROOKLYN, NY, 11217",CONDOMINIUM
CD870211,JENSEN BEACH CLUB,"4470 NE OCEAN BOULEVARD, JENSEN BEACH, FL, 33562",CONDOMINIUM
CD880239,QUEENS GARDEN CONDOMINIUM,"46-11 88TH STREET, ELMHURST, NY",CONDOMINIUM
NY920005,74 5TH AVENUEHDFC  (NEW #NY 92-034),"74 5 TH AVENUE, BROOKLYN, NY",OTHER
C790142,173-74 OWNERS CORPORATION,"173 EAST 74TH ST., NEW YORK, NY, 10021",COOPERATIVE
C800278,245-247 E. 62ND OWNERS CORP.,"245-247 E. 62ND ST., NEW YORK, NY, 10021",COOPERATIVE
C820340,"WARNER HOUSE APTS. (CPS-5, #90-035)","67-41 BURNS STREET, FOREST HILLS, NY, 11375",COOPERATIVE
C850044,FLOWERVIEW GARDENS,"55 TULIP AVE.,/91 TULIP AVE.,/5 ADELAIDE ST., FLORAL PARK, NY, 11001",COOPERATIVE
C870234,60 SEAMAN AVENUE,"60 SEAMAN AVENUE, NEW YORK, NY, 10034",COOPERATIVE
C870422,323 CARLTON AVENUE,"323 CARLTON AVENUE, BROOKLYN, NY, 11205",COOPERATIVE
CC880038,3145 BRIGHTON FOURTH CONDOMINIUM,"3145 BRIGHTON FOURTH STREET, BROOKLYN, NY, 11235",COOPERATIVE/CONDOMINIUM
CD860396,GRAMERCY PLACE CONDOMINIUM,"280 PARK AVENUE SOUTH, NEW YORK, NY, 10010",CONDOMINIUM
CD870411,LARCHMONT PROF CENTER CONDO (RS-3 FILED),"1385 BOSTON POST ROAD, LARCHMONT, NY, 10538",CONDOMINIUM
CD880097,HALF MOON BAY CONDOMINIUM PHASE III,"VILLAGE OF CROTON-ON-HUDSON, CROTON-ON-HUDSON, NY",CONDOMINIUM
CD930063,54 ELDRIDGE STREET CONDOMINIUM (RESUBMIT),"54 ELDRIDGE STREET, NEW YORK, NY, 10029",CONDOMINIUM
H860168,OLDE POINT VILLAS II (CPS-1),"P.O. BOX 249, HAMPSTEAD, NC, 28443",HOMEOWNERS ASSOCIATION
H880179,LAGUNA AT CLUB MISSION BAY(CPS-1),"20850 SANTA LAGUNA DRIVE, BOCA RATON, FL, 33428",HOMEOWNERS ASSOCIATION
H920068,FAIRWAY VIEWS AT CAROLINA COUNTRY CL (CPS),"7300 PINEWALK DRIVE SOUTH, MARGATE, FL, 33541",HOMEOWNERS ASSOCIATION
NY840028,509 WEST 142ND STREET,"509 WEST 142ND STREET, NEW YORK, NY, 99999",OTHER
C840112,127 PARK PLACE,"127 PARK PLACE, BROOKLYN, NY, 11201",COOPERATIVE
C840228,"BOULEVARD APARTMENTS, INC. *(CPS-8 #02/016)","103-26 AND 103-30 68TH AVENUE, FOREST HILLS, NY, 11375",COOPERATIVE
C860038,918 EAST 14TH STREET,"918 EAST 14TH STREET, BROOKLYN, NY, 11230",COOPERATIVE
C860189,1053 EAST 13TH STREET,"1053 EAST 13TH STREET, BROOKLYN, NY, 11230",COOPERATIVE
C860308,407 W 40TH STREET,"407 W 40TH STREET, NEW YORK, NY, 10003",COOPERATIVE
C930014,1384 CARROLL STREET,"1384 CARROLL STREET, BROOKLYN, NY, 11213",COOPERATIVE
CC850025,233 EAST 69TH STREET,"233 EAST 69TH STREET       (OLD# C85-235), NEW YORK, NY, 10021",COOPERATIVE/CONDOMINIUM
CD810124,HUDSON GARDENS CONDO,"530 HUDSON AVE., CEDARHURST, NY, 11516",CONDOMINIUM
CD840150,34-20 83RD STREET,"34-20 83RD STREET, 35-20 83RD STREET, JACKSON HEIGHTS, NY, 11372",CONDOMINIUM
CD880443,31-28 29TH STREET,"31-28 29TH STREET, ASTORIA, NY, 11106",CONDOMINIUM
CD880490,RIVA POINTE AT LINCOLN HARBOR CONDO PHASE I,"600 HARBOR BOULEVARD, WEEHAWKEN, NJ, 07087",CONDOMINIUM
CD920097,STUYVESANT CONDOMINIUM (RESUBMIT),"77-81-83-85 STUYVESANT AVENUE, BROOKLYN, NY, 11221",CONDOMINIUM
CD960093,NURSERY ESTATE CONDOMINIUM,"KOSNITZ ROAD, MONROE, NY, 10950",CONDOMINIUM
NY890052,63 FRANKLIN STREET,"63 FRANKLIN STREET, BROOKLYN, NY, 11222",OTHER
T870002,GOLDEN STRAND OCEAN VILLA RESORT,"17901 COLLINS AVENUE, N. MIAMI BEACH, FL, 33160",OTHER
C790408,345 EAST 19TH ST,"345 EAST 19TH ST, NEW YORK, NY, 10009",COOPERATIVE
C800326,"216 PROPERTY, INC.","216 LINCOLN PLACE, BROOKLYN, NY, 11217",COOPERATIVE
C810325,35-05 167TH ST.,"35-05 167TH ST., FLUSHING, NY, 11365",COOPERATIVE
C810444,306-312 DEAN STREET (RESUBMIT),"306-312 DEAN STREET, BROOKLYN, NY, 11217",COOPERATIVE
C830323,1801 OCEAN AVENUE CORP *CPS-5-10/014*,"1801 OCEAN AVENUE, BROOKLYN, NY, 11230",COOPERATIVE
C850052,135 CLINTON AVENUE,"135 CLINTON AVENUE, BROOKLYN, NY, 11205",COOPERATIVE
C850676,41-16 47TH AVENUE,"41-16 47TH AVENUE, SUNNYSIDE, NY, 11104",COOPERATIVE
CD820058,GEORGETOWN SQUARE CONDOMINIUM,"274-284 HOOKER AVENUE, POUGHKEEPSIE, NY, 12601",CONDOMINIUM
CD860008,"GRAND HARBOR VERO BEACH, PH I (CPS-1)","NORTH U.S. 1, VERO BEACH, FL, 32963",CONDOMINIUM
CD870514,382 WARREN CONDO,"382 WARREN STREET, BROOKLYN, NY, 11201",CONDOMINIUM
CD890054,NARLAN PAVILLION CONDOMINIUM,"NORTH MAIN STREET, NEW CITY, NY, 10956",CONDOMINIUM
H910057,WIMBLEDON ESTATES HOA,"HARRIS ROAD, TOWN OF PENFIELD, NY, 14526",HOMEOWNERS ASSOCIATION
H930022,LILLIE LANE HOA ASSOCIATION INC,"LILLIE LANE, STATEN ISLAND, NY, 10314",HOMEOWNERS ASSOCIATION
H930024,CENTERBAR HEIGHTS HOA INC,"NEW YORK STATE ROUTE 32, MOREAU, NY, 12866",HOMEOWNERS ASSOCIATION
NY900037,129-31 EAST 102ND STREET HDFC,"129-31 EAST 102ND STREET, NEW YORK, NY",OTHER
C800443,"5-19 W 14TH ST,10 W 15TH ST.  *CPS-5-01-012*","5-19 WEST 14TH STREET, 10 W. 15TH ST, NEW YORK, NY, 10011",COOPERATIVE
C800590,101 WEST 23RD STREET,"101 WEST 23RD STREET, NEW YORK, NY, 10011",COOPERATIVE
C820039,UTOPIA APARTMENTS,"37-15 UTOPIA PKWY, AUBURNDALE, NY, 11358",COOPERATIVE
C820441,4315 WEBSTER AVENUE,"4315 WEBSTER AVENUE, BRONX, NY, 10470",COOPERATIVE
C850133,GENTRY APARTMENTS,"310-330 LENOX ROAD, BROOKLYN, NY, 11226",COOPERATIVE
C880026,40 WASHINGTON STREET,"40 WASHINGTON STREET, EAST ORANGE, NJ, 07107",COOPERATIVE
CD820116,BEAVER LAKE AT WESTHAMPTON,"MONTAUK HIGHWAY, SOUTHAMPTON, NY, 11978",CONDOMINIUM
CD850459,FALK AND FINE BUILDING CONDO (RESUBMIT),"241 ELDRIDGE STREET, NEW YORK, NY, 10002",CONDOMINIUM
CD860295,PACKARD ESTATES CONDOMINIUM III,"12 WEST TERRACE, LAKEWOOD, NY, 14750",CONDOMINIUM
CD880293,BIGSBEE VILLAGE CONDOMINIUM,"CURRY ROAD, ROTTENDAM, NY, 12306",CONDOMINIUM
CD890467,CONCORDE CONDOMINIUM,"220 EAST 65TH STREET, NEW YORK, NY, 10021",CONDOMINIUM
CD940034,KNOLLS OF FOX HILL CONDO I,"OAKLEIGH AVENUE, BIATING HOLLOW, NY, 11933",CONDOMINIUM
H900106,COLORS LE PALAIS AT RAINBOW LAKES(CPS-1),"5900 N W 22ND AVENUE, BOYNTON BEACH, FL, 33437",HOMEOWNERS ASSOCIATION
NY870020,1015 SUMMIT AVENUE,"1015 SUMMIT AVENUE, BRONX, NY",COOPERATIVE
NY890022,452 BEDFORD AVENUE HDFC,"452 BEDFORD AVENUE, BROOKLYN, NY",OTHER
C790154,53 EAST 75TH STREET CORP,"53 EAST 75TH STREET, NEW YORK, NY, 10021",COOPERATIVE
C800232,815 CARROL ST. HOUSING CORP.,"815 CARROL ST., BROOKLYN, NY, 11215",COOPERATIVE
C820336,2155 82ND STREET,"2155 82ND STREET, BROOKLYN, NY, 11214",COOPERATIVE
C820352,103 E. 10TH STREET,"103 E. 10TH STREET, NEW YORK, NY, 10003",COOPERATIVE
C860602,786 WASHINGTON AVENUE,"786 WASHINGTON AVENUE, BROOKLYN, NY, 11238",COOPERATIVE
C870098,159-167 EAST 91ST STREET,"159-167 EAST 91ST STREET, NEW YORK, NY, 10128",COOPERATIVE
C870169,302-304 MOTT STREET,"302-304 MOTT STREET, NEW YORK, NY, 10012",COOPERATIVE
CC880016,3555 BAINBRIDGE AV (ABAND RS-3 FILED 4/26/89),"3555 BAINBRIDGE AVENUE, BROOKLYN, NY, 11233",COOPERATIVE/CONDOMINIUM
CD810183,BUCKINGHAM TOWERS CONDOMINIUM I(RESUBMIT),"800 PALISADES AVENUE, FT LEE, NJ, 07024",CONDOMINIUM
CD870509,NORTHWOOD VILLAGE AT BAYPORT CONDO,"999 MONTAUK HIGHWAY, BAYPORT, NY, 11705",CONDOMINIUM
CD890421,HAVEMEYER STREET CONDO (THE),"28, 30 & 32 HAVEMEYER, BROOKLYN, NY, 11211",CONDOMINIUM
CD910077,LAKEBRIDGE CLUB CONDO II,"LAWRENCE ROAD, KINGS PARK, NY, 11754",CONDOMINIUM
CD930075,EAGLE RIDGE CONDOMINIUM PHASE C,"KINGSGATE PARKWAY, NANUET, NY, 10977",CONDOMINIUM
CD950073,TRIBECA NORTH *RESUBMIT*,"429-435 GREENWICH STREET, NEW YORK, NY, 10013",CONDOMINIUM
H950020,BLOSSOM WOODS HOA,"ROUTE 22, HEBRON, NY, 12865",HOMEOWNERS ASSOCIATION
C810120,1674 BROADWAY,"1674 BROADWAY, NEW YORK, NY, 10019",COOPERATIVE
C840187,DRIFTWOOD COVE,"FRONT & 9TH STREETS, GREENPORT, NY, 11944",COOPERATIVE
C840229,801 UNION STREET,"801 UNION STREET, BROOKLYN, NY, 11217",COOPERATIVE
C840375,65-70 BOOTH STREET,"65-70 BOOTH STREET, REGO PARK, NY, 11374",COOPERATIVE
C860008,WOODCREST GARDENS,"WOODCREST GARDENS/ ROUTE 6, MAHOPAC, NY, 10541",COOPERATIVE
C860373,349 SIXTH AVENUE CORP.,"349 SIXTH AVENUE, BROOKLYN, NY, 11215",COOPERATIVE
C880183,2186 GRAND CONCOURSE,"2186 GRAND CONCOURSE, BRONX, NY, 10458",COOPERATIVE
C910017,CEDAR COVE GOLDEN AGE HOUSING,"CEDAR STREET, SEAFORD, NY",COOPERATIVE
C930015,CANAL PONDS BUSINESS PK.,"LONG POND RD & RIDGEWAY AVE   *NA940039*, GREECE, NY, 14626",COOPERATIVE
CD840194,YORKSHIRE GARDENS CONDOMINIUM,"42-20 KISSENA BOULEVARD, FLUSHING, NY, 11355",CONDOMINIUM
CD840335,OCTAVIA,"216-218 EAST 47TH STREET, NEW YORK, NY, 10017",CONDOMINIUM
CD850246,BLUEBERRY HILL CONDOMINIUM,"100 ROUTE 306, MONSEY, NY, 10952",CONDOMINIUM
CD880088,NORTHBRIDGE TERRACE CONDOMINIUM,"3220 FAIRFIELD AVENUE, RIVERDALE, NY, 10463",CONDOMINIUM
CD880272,144-63 37TH AVENUE  CONDOMINIUM,"144-63 37TH AVENUE, FLUSHING, NY, 11363",CONDOMINIUM
CD880460,121 WEST 20TH STREET CONDOMINIUM,"121 WEST 20TH STREET, NEW YORK, NY, 10011",CONDOMINIUM
C790305,179 TENANTS CORP,"179 E. 79TH STREET, NEW YORK, NY, 10021",COOPERATIVE
C820088,275 WEBSTER AVENUE *CPS-5-02-010*,"275 WEBSTER AVENUE, BROOKLYN, NY, 11230",COOPERATIVE
C850438,ESTATES AT BAYSIDE (CPS-6-#94-001),"221-02, 10/30 64TH AVENUE, NEW YORK, NY, 11364",COOPERATIVE
C860665,244 SACKETT TOWNHOUSE CORP,"244 SACKETT STREET, BROOKLYN, NY, 11231",COOPERATIVE
C870046,101 LINCOLN ROAD,"101 LINCOLN ROAD, BROOKLYN, NY, 11225",COOPERATIVE
C880129,3111 BRIGHTON FIRST PLACE,"3111 BRIGHTON FIRST PLACE, BROOKLYN, NY, 11235",COOPERATIVE
CD810170,JEFFERSON VILLAGE CONDO NO.9 (SEE CD-83-281),"FLINTLOCK WAY, JEFFERSON VILLAGE, YORKTOWN, NY, 99999",CONDOMINIUM
CD850338,CLERMONT CONDOMINIUM I,"6 BURD STREET, NYACK, NY, 10960",CONDOMINIUM
CD860333,1433 47TH STREET CONDOMINIUM,"1433 47TH STREET, BROOKLYN, NY, 11219",CONDOMINIUM
CD880263,BAYBERRY CONDOMINIUM,"621-624 BAYBERRY WALK, OCEAN BEACH, NY, 11770",CONDOMINIUM
CD880331,BLEECKER-GROVE CONDOMINIUM,"312-314 BLEECKER ST AKA 48 GROVE STREET, NEW YORK, NY, 10014",CONDOMINIUM
CD890024,FOUNTAINBLEAU CONDOMINIUM,"306 EAST 105TH STREET, NEW YORK, NY, 10025",CONDOMINIUM
H850051,LONG POND H.O.A.,"LONG POND ROAD, GREECE, NY, 14616",HOMEOWNERS ASSOCIATION
NY840025,"231 MAUJER STREET (RS-3 FILED ABAND, 1/8/86)","231 MAUJER STREET, BROOKLYN, NY, 11206",OTHER
NY910084,353 WEST 117TH STREET HDFC,"353 WEST 117TH STREET, NEW YORK, NY",OTHER
C830105,118-11 84TH AVENUE,"118-11 84TH AVENUE, KEW GARDENS, NY, 11415",COOPERATIVE
C830134,26 STRONG PLACE,"26 STRONG PLACE, BROOKLYN, NY, 11231",COOPERATIVE
C850512,37-20-26-50 & 56 87TH ST./*CPS-6-#95-025*,"37-20-26-50 & 56 87TH ST./MONTICELLO, JACKSON HEIGHTS, NY, 11372",COOPERATIVE
C860160,305 RIVERSIDE DR.(RS3 FILED 4/28/88-ABANDONED,"305 RIVERSIDE DRIVE, NEW YORK, NY, 10025",COOPERATIVE
C870101,8 SOUTH OXFORD STREET,"8 SOUTH OXFORD STREET, BROOKLYN, NY, 11217",COOPERATIVE
C870447,2-346 EDMUNTON DRIVE (FAIRFIELD),"2-346 EDMUNTON DRIVE, N BABYLON, NY, 11703",COOPERATIVE
C890115,7501 RIDGE BOULEVARD,"7501 RIDGE BOULEVARD, BROOKLYN, NY, 11209",COOPERATIVE
CC850008,SANFORD AVENUE,"136-05 SANFORD AVENUE, NEW YORK, NY, 11355",COOPERATIVE/CONDOMINIUM
CD830172,PIPES COVE CONDOMINIUM,"SIXTH STREET VILLAGE OF GREENPORT, SOUTHOLD, NY, 11944",CONDOMINIUM
CD850112,402 EAST 64TH STREET (CPS-1),"402 EAST 64TH STREET, NEW YORK, NY",CONDOMINIUM
CD850417,KENSINGTON PLAZA CONDOMINUIM,"123 MIDDLE NECK ROAD, GREAT NECK, NY, 11021",CONDOMINIUM
CD870415,105 FOURTH AVENUE CONDOMINIUM,"105 FOURTH AVENUE, BROOKLYN, NY, 11217",CONDOMINIUM
CD890413,LAMPLIGHT VILLAS COMDOMINIUM,"HUDSON VIEW DRIVE AND STERLING STREET, FISHKILL, NY, 12508",CONDOMINIUM
H870203,BLACK OAK LANE HOA,"925 MITCHELL ST, EXT., ITHACA, NY, 14850",HOMEOWNERS ASSOCIATION
NY860023,408 WEST 25TH STREET,"408 WEST 25TH STREET, NEW YORK, NY, 10001",COOPERATIVE
C840016,305 WEST 72ND STREET,"305 WEST 72ND STREET, NEW YORK, NY, 10023",COOPERATIVE
C850159,MONTGOMERY TENANTS CORP,"24 MONTGOMERY PLACE, BROOKLYN, NY, 11215",COOPERATIVE
C860190,54 EAST 1ST STREET,"54 EAST 1ST STREET, NEW YORK, NY",COOPERATIVE
C860495,89-19 171ST STREET,"89-19 171ST STREET, JAMAICA, NY, 11432",COOPERATIVE
C880072,23 LEROY STREET,"23 LEROY STREET, NEW YORK, NY, 10014",COOPERATIVE
CD830028,LE TRIOMPHE COND.(ABANDONED 8/16/83 RS-3),"245 EAST 58 STREET, NEW YORK, NY, 10022",CONDOMINIUM
CD860095,VISTA AT KINGSGATE CONDO SECTION I,"KINGSGATE PARKWAY, NANUET, NY, 10954",CONDOMINIUM
CD860488,SQUIRE VILLAGE CONDOMINIUM,"ROUTE 94, NEW WINDSOR, NY, 12550",CONDOMINIUM
CD880093,FARRINGTON ARMS CONDOMINIUM,"144-28 BARCLAY AVENUE, FLUSHING, NY, 11355",CONDOMINIUM
CD880368,SOCIETY HILL AT GALLOWAY II-CPS-1-WITHDRAWN,"WRANGLEBORO ROAD   (9/21/88-SEE: CD88-392), GALLOWAY TNSHP, NJ, 07701",CONDOMINIUM
CD900088,FRANKLIN AVENUE CONDOMINIUMS(CPS1),"1190-2 & 1239 FRANKLIN AVE., BRONX, NY, 10456",CONDOMINIUM
CD940080,BRADHURST (CPS-1),"2611-2623  FREDERICK DOUGLASS BOULEVARD, NEW YORK, NY, 10030",CONDOMINIUM
H810051,VERBECH VILLAGE # 3,"VERBECH VILLAGE #3 (UNKNOWN), MANLIUS, NY, 13104",HOMEOWNERS ASSOCIATION
H920039,BALSAM CREST HOA INC,"GREEN MANSIONS ROAD, WARRENSBURG, NY, 12885",HOMEOWNERS ASSOCIATION
NY910080,129-35 RIDGE STREET HDFC,"129-35 RIDGE STREET, NEW YORK, NY",OTHER
C800588,110 HICKS STREET,"110 HICKS STREET, BROOKLYN, NY, 11201",COOPERATIVE
C810589,207 PARK PLACE,"207 PARK PLACE, BROOKLYN, NY, 11238",COOPERATIVE
C810638,105 WEST 13TH STREET *CPS-5/08-003*,"105 W. 13TH ST., NEW YORK, NY, 10011",COOPERATIVE
C850354,"91-15 LAMONT AVENUE APARTMENTS, INC","91-15 LAMONT AVENUE, ELMHURST, NY, 11373",COOPERATIVE
C900093,EQUUS CLUB (THE)(CPS-1),"WESTERLYSIDE OF SILVER SPRING ROAD, SOUTH SALEM, NY, 06840",COOPERATIVE
CC900005,VICTORIA MEWS CONDO **(RS-3-FILED 10/6/92),"50 NORTH BORADWAY, NYACK, NY, 10960",COOPERATIVE/CONDOMINIUM
CC940001,476 BROADWAY CONDO,"476 BROADWAY, NEW YORK, NY, 10013",COOPERATIVE/CONDOMINIUM
CD810042,GOLF VIEW COND. II,"FOREST HILLS ROAD & RICHMOND HILLS ROAD, STATEN ISLAND, NY, 10314",CONDOMINIUM
CD820108,MADISON FOUR CONDO,"4 MADISON PLACE, ALBANY, NY, 12202",CONDOMINIUM
CD840128,LYDIG CONDOMINIUM,"1144 LYDIG AVENUE, BRONX, NY, 10461",CONDOMINIUM
CD870144,HIGHVIEW CONDOMINIUM,"3636 WALDO AVENUE, BRONX, NY, 10471",CONDOMINIUM
CD910089,1407 60TH STREET CONDOMINIUM (THE),"1407 60TH STREET, BROOKLYN, NY, 11219",CONDOMINIUM
H880036,WHITEHALL STATION,"WHITEHALL ROAD, ALBANY, NY, 12205",HOMEOWNERS ASSOCIATION
H880055,SADDLE RIDGE SUBDIVISION HOA (RESUB),"BLUHM ROAD, PERINTON, NY, 14450",HOMEOWNERS ASSOCIATION
H930010,GANNON HOA,"77-127 NORTH GANNON AVENUE, STATEN ISLAND, NY, 10314",HOMEOWNERS ASSOCIATION
C790350,123 E. 36TH ST OWNERS CORP,"123 E. 36TH ST, NEW YORK, NY, 10016",COOPERATIVE
C820090,401 EIGHTH AVENUE,"401 EIGHTH AVENUE, BROOKLYN, NY, 11215",COOPERATIVE
C850166,315 87TH STREET,"315 87TH STREET, BROOKLYN, NY, 11209",COOPERATIVE
C880192,33 WILLIAMS STREET/ WILLIAMS MANOR,"33 WILLIAMS STREET, MOUNT VERNON, NY, 10552",COOPERATIVE
C880216,25-06 30TH DRIVE,"25-06 30TH DRIVE, ASTORIA, NY, 11102",COOPERATIVE
CD800094,SPRING BROOK COND.,"NORTHERN AVE. & FAIR ST. (SPRING BROOK), COLD SPRINGS, NY, 10516",COOPERATIVE
CD830232,DELMONICO PLAZA,"41-55 EAST 59TH STREET, NEW YORK, NY, 10019",CONDOMINIUM
CD910101,158 RIVINGTON CONDOMINIUM,"158 RIVINGTON STREET, NEW YORK, NY",CONDOMINIUM
H860107,FOX MEADOW LANE H.O.A ASSN (RESUBMIT),"LLOYD HARBOR, SUFFOLK, NY, 10038",HOMEOWNERS ASSOCIATION
H870079,"TOBIAS HILL COMMONS, INC  (RESUBMIT)","CLOVE ROAD, SALISBURY MILLS, NY, 12577",HOMEOWNERS ASSOCIATION
H880105,CAMBRIDGE VILLAGE  HOA,"CAMBRIDGE COURT, LLOYD, NY, 12528",HOMEOWNERS ASSOCIATION
H890084,DRUMGOOLE HOMEOWNERS,"DRUMGOOLE ROAD, STATEN ISLAND, NY, 10314",HOMEOWNERS ASSOCIATION
H910027,WATERWOOD ESTATES,"WHITEWOON DRIVE, MASSAPEQUA PARK, NY, 11762",HOMEOWNERS ASSOCIATION
H950023,COLT LANE HOA,"19803 R.H. JOHNSON BLVD, SUN CITY WEST, AZ, 85375",HOMEOWNERS ASSOCIATION
NY900007,369 EDGECOMBE AVENUE HDFC,"369 EDGECOMBE AVENUE, NEW YORK, NY, 10031",OTHER
C790283,LEFT BANK APTS CORP,"99 BANK STREET, NEW YORK, NY, 10014",COOPERATIVE
C800129,13 GRAMERCY PARK SOUTH,"13 GRAMERCY PARK SOUTH, NEW YORK, NY, 10003",COOPERATIVE
C850360,119 PROSPECT PLACE,"119 PROSPECT PLACE, BROOKLYN, NY, 11238",COOPERATIVE
C860569,108-07 65TH RD/65-11 108TH ST/108-10 65TH AVE,"108-07 65TH RD/65-11 108TH ST/108-10 65TH AVE, FOREST HILLS, NY, 11375",COOPERATIVE
C890110,41 QUEBEC RD(REGENCY AT ISLAND PARK),"41 QUEBEC RD, ISLAND PARK, NY, 11558",COOPERATIVE
CD810093,CAMBRIDGE SQUARE CONDOMINIUM,"1 THROUGH 12 CAMBRIDGE STREET, WILLIAMSVILLE, NY, 14221",CONDOMINIUM
CD830091,ST. MARY'S SQUARE,"125 EDWARD SQUARE, BUFFALO, NY, 14201",CONDOMINIUM
CD840238,HAMLET ESTATES OF STATEN ISLAND,"ARTHUR KILL ROAD AND ABINGDON AVENUE, STATEN ISLAND, NY, 10314",CONDOMINIUM
CD890396,GREENWICH HARBOR CLUB,"RIVER ROAD & MIANUS RIVER ROAD, GREENWICH, CT, 06807",CONDOMINIUM
CD900058,HILLSIDE PARK CONDO I,"OLD TARRYTOWN RD & HILLSIDE AVENUE, GREENBURGH, NY, 10603",CONDOMINIUM
CD900241,HUIS PLAZA CONDOMINIUM,"77 ALLEN STREET, NEW YORK, NY, 10002",CONDOMINIUM
H850060,GREENTREE ESTATES H.O.A.(RESUBMIT),"TO BE CONSTRUCTED, NORTHPORT, NY, 11786",HOMEOWNERS ASSOCIATION
H870068,SOMERSET VILLAGE HOA,"5280 CENTRAL FLORIDA PARKWAY, ORLANDO, FL, 32821",HOMEOWNERS ASSOCIATION
H880183,NUGENT ENTERPRISES & LAND DEV (CPS-1),"7566 SPRING HILL DRIVE, SPRING HILL, FL, 34606",HOMEOWNERS ASSOCIATION
T880005,VILLAS AT FAIRWAYS (THE),"ROUTE 209, BUSHKILL, PA, 18324",OTHER
C800558,LAKESIDE TOWERS (CPS-5)#89-055,"220-55 46TH AVE., BAYSIDE, NY, 11361",COOPERATIVE
C800609,130 EAST 18TH STREET,"130 EAST 18TH ST, NEW YORK, NY, 10003",COOPERATIVE
C810559,2 GROVE STREET,"2 GROVE STREET, NEW YORK, NY, 10014",COOPERATIVE
C850136,220 WEST 13TH STREET COOP OFFERING,"220 WEST 13TH STREET, NEW YORK, NY",COOPERATIVE
C850324,244 RIVERSIDE DRIVE   (NEW #C87-110),"244 RIVERSIDE DRIVE, NEW YORK, NY, 10025",COOPERATIVE
C880350,70 LINDEN BLVD/75 MARTENSE STREET,"70 LINDEN BLVD/75 MARTENSE STREET, BROOKLYN, NY, 11226",COOPERATIVE
C890040,200-206 WEST HOUSTON STREET,"200-206 WEST HOUSTON STREET, NEW YORK, NY, 10021",COOPERATIVE
C890058,ROMATH CHEN BUNGALOW COLONY CO-OP (CPS-1),"LAUREL AVENUE, FALLSBURG, NY, 12779",COOPERATIVE
C900049,10 HEMINWAY AVENUE,"10 HEMINWAY AVENUE, NEW ROCHELLE, NY",COOPERATIVE
CD870387,369 PROFESSIONAL CONDO PHASE III,"369 EAST MAIN STREET, EAST ISLIP, NY",CONDOMINIUM
CD920035,ORCHID FALLS   (FKA FALLING WATERS II)  CPS1,"7200 DAVIS BLVD, NAPLES, FL, 33962",CONDOMINIUM
CD940033,WATER CLUB 1 AT LONGBOAT KEY (THE) (RESUBMIT),"1245 GULF OF MEXICO DRIVE, LONGBOAT KEY, FL, 34228",CONDOMINIUM
H880006,WESTSIDE KNOLLS H O A,"WESTSIDE DRIVE-TOWN OF OGDEN, CHURCHVILLE, NY, 14428",HOMEOWNERS ASSOCIATION
H900075,RICHMOND PARK PART. HOMES(CPS-1),"MARINERS HARBOR  (H90-097 THRU H90-100), STATEN ISLAND, NY, 10303",HOMEOWNERS ASSOCIATION
NY880021,458 WEST 57TH STREET,"458 WEST 57TH STREET, NEW YORK, NY",COOPERATIVE
C790419,150 WEST 95TH STREET,"150 WEST 95TH STREET, NEW YORK, NY, 10025",COOPERATIVE
C800012,715 OCEAN PARKWAY,"715 OCEAN PARKWAY, BROOKLYN, NY, 11230",COOPERATIVE
C800159,MIDLAND GARDENS APTS. INC.,"7 MIDLAND GARDENS, BRONXVILLE, NY, 10708",COOPERATIVE
C800224,158 EAST 22 TENANTS' CORP.,"158 E. 22ND ST., NEW YORK, NY, 10010",COOPERATIVE
C800371,121-131 NORTH BROADWAY,"121-131 NORTH BRTOADWAY, WHITE PLAINS, NY, 10603",COOPERATIVE
C810011,SEA-SITE CORPORATION,"3800 POPLAR AVE., BROOKLYN, NY, 11224",COOPERATIVE
C810310,125 W. 92ND ST.,"125 W. 92ND ST., NEW YORK, NY, 10025",COOPERATIVE
C850759,77 COOPER STREET,"77 COOPER STREET, NEW YORK, NY, 10034",COOPERATIVE
C890140,3 WEST 101 STREET,"3 WEST 101 STREET, NEW YORK, NY, 10025",COOPERATIVE
CC860002,90 ST MARKS AVENUE,"90 ST MARKS AVENUE, BROOKLYN, NY, 11217",COOPERATIVE/CONDOMINIUM
CD790112,FRENCH COURT WEST CONDOMINIUM,"531 FRENCH ROAD -TOWN OF BRIGHTON, MONROE, NY, 10950",CONDOMINIUM
CD830262,FAIRWAYS AT HEATHER CONDO. (CPS-1),"TOWNSHIP 22 SOUTH RANGE 17 EAST, MIAMI, FL, 99999",CONDOMINIUM
CD840239,SOUTHWICK COURT CONDOMINIUM,"25 CANTERBURY ROAD, ROCHESTER, NY, 14623",CONDOMINIUM
CD870389,GREGORY(CPS-1),"8315 4TH AVENUE, BROOKLYN, NY, 11209",CONDOMINIUM
H810049,LAKE JOSEPH HOA,"LAKE JOSEPH THOMPSON& FORESTBURGH, FORESTBURG, NY, 99999",HOMEOWNERS ASSOCIATION
C790201,10 EIGHTH AVENUE HOUSING CORP.,"10 EIGHTH AVE., BROOKLYN, NY, 11217",COOPERATIVE
C800065,153 WEST 95TH STREET,"153 WEST 95TH STREET, NEW YORK, NY, 10025",COOPERATIVE
C800561,444 E. 84 ST.,"444 E. 84TH ST., NEW YORK, NY, 10028",COOPERATIVE
C810562,3103 FAIRFIELD AVENUE,"3103 FAIRFIELD AVE., BRONX, NY, 10463",COOPERATIVE
C830221,MORLEIGH APARTMENTS ***CPS-6#92-002****,"74 WEST 68TH STREET, NEW YORK, NY, 10023",COOPERATIVE
C840061,STRATHMORE ARMS  *CPS-5*11-017*,"34-43 60TH STREET, JACKSON HEIGHTS, NY, 11377",COOPERATIVE
C870356,581 WARREN STREET,"581 WARREN STREET, BROOKLYN, NY, 11217",COOPERATIVE
C880304,"3231,3241,3251 ROYAL AVE (CROWN ROYAL ARMS)","3231,3241,3251 ROYAL AVENUE, OCEANSIDE, NY, 11572",COOPERATIVE
C900011,OCEANSIDE COVE VI,"DALY BOULEVARD, OCEANSIDE, NY, 11572",COOPERATIVE
CD860392,LINCOLN PLAZA CONDOMINIUM,"1717 LINCOLN AVENUE, HOLBROOK, NY, 11741",CONDOMINIUM
CD950006,SUGAR HILL CONDO **RESUBMIT**,"430 WEST 154TH STREET, NEW YORK, NY, 10032",CONDOMINIUM
CD960082,31-41 MAPLE ROAD OFFICE BUILDING,"41 MAPLE ROAD, AMHERST, NY, 14221",CONDOMINIUM
H740012,WOODRIDGE TERRACE AT STRATHMORE HOA,"PATCHOGUE-MOUNT SINAI ROAD, TOWN OF BROOKHAVEN, NY, 11766",HOMEOWNERS ASSOCIATION
H910022,HARBOR LIGHTS VILLAGE HOA,"CATSKILL CREEK AND MAIN STREET, VILLAGE OF CATSKILL, NY, 12414",HOMEOWNERS ASSOCIATION
NY820070,821 PROSPECT PLACE,"821 PROSPECT PLACE, BROOKLYN, NY, 11216",COOPERATIVE
C800289,22ND ST. APARTMENT CORP.,"260 W. 22ND ST., NEW YORK, NY, 10011",COOPERATIVE
C800383,PALMER HOUSE  *CPS-5-04/0011*,"463 SUMMIT AVE., CEDARHURST, NY, 11516",COOPERATIVE
C820381,PARKER DEAUVILLE,"522 SHORE ROAD, LONG BEACH, NY, 11561",COOPERATIVE
C840054,NEBRASKA (THE),"67-30 DARTMOUTH STREET, FOREST HILLS, NY, 11375",COOPERATIVE
C860244,45 SEVENTH AVE. (SOLD OUT 4/21/87),"45 SEVENTH AVE., BROOKLYN, NY, 11217",COOPERATIVE
C870552,1490 OCEAN AVENUE,"1490 OCEAN AVENUE, BROOKLYN, NY, 11230",COOPERATIVE
CC860010,60 EAST 9TH ST. OWNERS CORP.,"60 EAST 9TH STREET, NEW YORK, NY, 10003",COOPERATIVE/CONDOMINIUM
CC870048,WEST 82ND STREET OWNERS CORP,"107-109-111 WEST 82ND STREET, NEW YORK, NY, 10024",COOPERATIVE/CONDOMINIUM
CD830006,GRAMERCY PARK HABITAT,"205 EAST 22ND STREET, NEW YORK, NY, 10011",CONDOMINIUM
CD840068,CYPRESS CREST CONDOMINIUM II,"E. SIDE OF RICHMOND AVENUE, STATEN ISLAND, NY, 10314",CONDOMINIUM
CD860032,"CAPTAINS HARBOR CONDO, PH II (CPS-1)","CAPTAIN HARBOR DRIVE, PINE ISLAND, FL, 33922",CONDOMINIUM
CD870152,PINE RIDGE AT LAKE TARPON VILLAGE III(CPS1),"PINE RIDGE CIRCLE EAST, TARPON SPRINGS, FL, 33589",CONDOMINIUM
CD870518,PARK WEST COMMONS,"279-287 PROSPECT PARK WEST, BROOKLYN, NY, 11215",CONDOMINIUM
H910082,BEMENT COMMONS HOA,"BEMENT COURT, STATEN ISLAND, NY, 10301",HOMEOWNERS ASSOCIATION
NY820082,157-161 WEST 105 STREET,"157-161 WEST 105 STREET, NEW YORK, NY, 10025",COOPERATIVE
C800414,103 PROSPECT PARK WEST HOUSING CORP.,"103 PROSPECT PARK WEST HOUSING CORP., BROOKLYN, NY, 11215",COOPERATIVE
C810413,190 PACIFIC STREET,"190 PACIFIC STREET, BROOKLYN, NY, 11201",COOPERATIVE
C810417,345 WEST 4TH STREET-306 WEST 13TH ST.,"345 WEST 4TH STREET, NEW YORK, NY, 10014",COOPERATIVE
C830415,400 E. 17TH ST. CORP.  (CPS-5 #92-004),"400 EAST 17TH STREET ***CPS-5/ #06-015, BROOKLYN, NY, 11201",COOPERATIVE
C830444,"JACOB CRAM COOPERATIVE, INC.","307-309 WEST BROADWAY, NEW YORK, NY, 10013",COOPERATIVE
C840022,150 EAST 93RD STREET,"150 EAST 93RD STREET, NEW YORK, NY, 10028",COOPERATIVE
C860470,82-35/39 134TH STREET,"82-35/39 134TH STREET, KEW GARDENS, NY, 11435",COOPERATIVE
C860608,105 PARK PLACE,"105 PARK PLACE, BROOKLYN, NY, 11217",COOPERATIVE
CD810017,COMMUNITY GARDENS CONDO.,"181 PURCHASE STREET, RYE, NY, 10580",CONDOMINIUM
CD830015,TURNING POINT CONDOMINIUM II,"ROUTE 155 - NEW KARNER ROAD, ALBANY, NY, 99999",CONDOMINIUM
CD830044,WOODS IN WESTCHESTER CONDO III,"ROUTE 9A  & ROUTE 134 CROTON DAIN ROAD, OSSINING, NY, 10562",CONDOMINIUM
CD850013,SEA OATS OF JUNO BEACH,"900 DONALD ROSS ROAD, JUNO BEACH, FL, 33408",CONDOMINIUM
CD870011,208 EAST 32ND. STREET CONDO.,"208 EAST 32ND. STREET, NEW YORK, NY, 10016",CONDOMINIUM
CD890197,ROBERTS CONDOMINIUM,"3070 ROBERTS AVENUE, BRONX, NY, 10461",CONDOMINIUM
NY950021,19 WEST 105TH STREET HDFC,"19 WEST 105TH STREET, NEW YORK, NY, 10025",OTHER
C850705,233 PRESIDENT STREET,"233 PRESIDENT STREET, BROOKLYN, NY, 11238",COOPERATIVE
C860277,132 LAFAYETTE STREET,"132 LAFAYETTE ST., NEW YORK, NY",COOPERATIVE
C860465,280 OCEAN PARKWAY,"280 OCEAN PARKWAY, BROOKLYN, NY, 11218",COOPERATIVE
C870200,20-30 MERLE PLACE,"20-30 MERLE PALCE, STATEN ISLAND, NY, 10305",COOPERATIVE
CD830307,SOLYMAR AT PLACE MISHAL-CPS1,"1451 OCEAN DRIVE, MIAMI, FL, 33139",CONDOMINIUM
CD840067,FORT GREENE PARTNERSHIP HOMES (CPS-1),"FORT GREENE, BROOKLYN, NY, 11217",CONDOMINIUM
CD850049,TIDEWATER CONDOMINIUM NO. 1,"7415 AQUARINA BEACH DRIVE, MELBOURNE, FL, 32951",CONDOMINIUM
CD860065,BEECHOVER CONDOMINIUM,"CHAUTAUQUA INSTITUTION, CHAUTAUQUA, NY, 14722",CONDOMINIUM
CD870303,VILLAGE POINTE CONDOMINIUM,"350 WEST 14TH STREET, NEW YORK, NY, 10014",CONDOMINIUM
CD880063,780 WEST END AVENUE CONDOMINIUM,"780 WEST END AVENUE, NEW YORK, NY, 10025",CONDOMINIUM
CD880199,200 WEST 123RD ST CONDO (CPS-1),"200 WEST 123RD STREET, NEW YORK, NY",CONDOMINIUM
CD880364,RIVERBEND AT INDIAN RIVER PLANTATION (CPS-1),"585 N.E. OCEAN BLVD, STUART, FL, 34996",CONDOMINIUM
CD890058,109 CEDAR ROAD  (RS-3 FILED 7/13/90),"109 CEDAR ROAD, KATONAH, NY",CONDOMINIUM
T800002,WHITE MOUNTAIN CNTRY CLUB AT COLD SPRING RES.,"WHITE MOUNTAIN COUNTRY CLUB (COLD SPRING), ASHLAND, NH, 99999",OTHER
T810001,COUNTRY SQUIRE LAKESHORE CLUB,"COUNTRY SQUIRE LAKESHORE CLUB, LACKAWAXEN TOWNSHIP, PA, 99999",OTHER
C770022,253-259 GARFIELD PLACE,"253-259 GARFIELD PLACE, BROOKLYN, NY",COOPERATIVE
C790333,LEX OWNERS CORPORATION,"123 E. 75TH ST & LEX AVE, NEW YORK, NY, 10021",COOPERATIVE
C830430,224 RIVERSIDE DR **CPS-6-#95-033**,"224 RIVERSIDE DRIVE, NEW YORK, NY, 10025",COOPERATIVE
C840178,24-26 EAST 93RD APARTMENTS CORP.,"24-26 EAST 93RD STREET *(CPS-8 #01/0023), NEW YORK, NY, 10128",COOPERATIVE
C870326,262 BERGEN STREET,"262 BERGEN STREET, BROOKLYN, NY, 11217",COOPERATIVE
C880406,35-07 90TH STREET,"35-07 90TH STREET, NEW YORK, NY, 11372",COOPERATIVE
CD870114,SUMMIT AT HIGH POINT N. HILL CONDO II,"POWERHOUSE ROAD, N. HILLS VILLAGE, NY",CONDOMINIUM
CD890329,1269 44TH STREET CONDOMINIUM,"1269 44TH STREET, BROOKLYN, NY, 11219",CONDOMINIUM
H800025,"CEDARGOVE HOMEOWNERS ASSOICATION, INC.","CEDARGOVE HOMEOWNERS ASSOICATION, INC., STATEN ISLAND, NY, 10306",HOMEOWNERS ASSOCIATION
H810026,FORDUNE HOA,"WICKOPAGUE RD (FORDUNE HOA), SOUTH HAMPTON, NY, 11976",HOMEOWNERS ASSOCIATION
H820023,VICTORIA PARK HOMEOWNERS ASSOC.,"ETHEL ROAD, EDISON, NJ, 99999",HOMEOWNERS ASSOCIATION
H840021,COTSWOLDS AT N. SALEM -FORMERLY BUFFALO CREEK,"BOX 82, MILLS ROAD, PURDYS, NORTH SALEM, NY, 10578",HOMEOWNERS ASSOCIATION
H880049,WISTERIA HOMEOWNER'S ASSOCIATION,"WISTERIA LANE, IRONDEQUOIT, NY, 14617",HOMEOWNERS ASSOCIATION
H890172,LAGOON MANOR HOA INC   (PHASE I & II),"ROUTE 9N, TOWN OF BOLTON, NY",HOMEOWNERS ASSOCIATION
NY910050,3681 BROADWAY HDFC,"3681 BROADWAY, NEW YORK, NY",OTHER
C800342,78 RIDGE VIEW APTS. CORP.,"436-440 78TH ST., BROOKLYN, NY, 11209",COOPERATIVE
C810036,1474 THIRD AVE.,"1474 THIRD AVE., NEW YORK, NY, 10028",COOPERATIVE
C810438,37 BROMPTON ROAD,"37 BROMPTON ROAD, GREAT NECK, NY, 11022",COOPERATIVE
C830414,563 8TH STREET HOUSING CORPORATION,"563 8TH STREET, BROOKLYN, NY, 11218",COOPERATIVE
C840062,520 EAST 76TH STREET APARTMENT CORP.,"520 EAST 76TH STREET, NEW YORK, NY, 10021",COOPERATIVE
C850787,129 FIRST AVENUE,"129 FIRST AVENUE, NEW YORK, NY, 10011",COOPERATIVE
CD850387,REGO PARK CONDOMINIUM,"64-57 WETHEROLE STREET, REGO PARK, NY, 11347",CONDOMINIUM
CD860040,VILLAGE PARK CONDOMINIUM,"391 SOUTH ROAD, POUGHKEEPSIE, NY, 12524",CONDOMINIUM
CD860261,OLD COUNTRY PROFESSIONAL CENTER,"1171 OLD COUNTRY ROAD, PLAINVIEW, NY, 11803",CONDOMINIUM
CD870385,DEBMOR ESTATES CONDOMINIUM I,"DEBBIE STREET, MORANI ST & AKRON ST, STATEN ISLAND, NY, 10314",CONDOMINIUM
CD870406,TWIN MAPLES CONDO (CPS-4-94-004)*,"ROUTE 9-W, SAUGERTIES, NY, 12477",CONDOMINIUM
H780007,"TALCOTT WOODS OWNERS ASSOCIATION, INC","VILLAGE OF RYE BROOK, TOWN OF RYE, WESTCHESTER, NY",HOMEOWNERS ASSOCIATION
H890151,BIRCHWOOD AT SPRING LAKE HOA PH. I,"MIDDLE  COUNTRY ROAD, MIDDLE ISLAND, NY, 11953",HOMEOWNERS ASSOCIATION
H950059,MILLENNIUM HILLS HOMEOWNERS ASSON.,"WALT WHITMAN ROAD, MELVILLE, NY",HOMEOWNERS ASSOCIATION
NY810040,993 AMSTERDAM AVENUE,"993 AMSTERDAM AVENUE, NEW YORK, NY, 10025",COOPERATIVE
C790491,137 GUERNSEY STREET,"137 GUERNSEY STREET, BROOKLYN, NY, 11211",COOPERATIVE
C830248,181 EAST 73RD STREET,"181 EAST 73RD STREET, NEW YORK, NY, 10021",COOPERATIVE
C870279,42-17 16TH AVENUE,"42-17 16TH AVENUE, BROOKLYN, NY, 11204",COOPERATIVE
C890232,45 SOUTH ELLIOT PLACE,"43-45-47 S. ELLIOT PLACE, BROOKLYN, NY, 11217",COOPERATIVE
CD790091,HALSTON HOUSE CONDOMINIUM (CPS-5 -91-002),"410-416 BENEDICT AVENUE, TARRYTOWN, NY",CONDOMINIUM
CD840294,HERON POINTE CONDO. PH. VI,"MAISON BOULEVARD, DOGWOOD NECK, SC, 99999",CONDOMINIUM
CD880532,NEWPORT ISLAND (CPS-1),"2121 GRAND HARBOR BLVD, VERP BEACH, FL, 32967",CONDOMINIUM
CD900245,PARK AVENUE CONDOMINIUM,"246-254 PARK AVENUE, ROCHESTER, NY, 14507",CONDOMINIUM
CD930028,SURF CLUB CONDO PHASE II,"STATE ROAD AIA, PALM COAST, FL, 32137",CONDOMINIUM
CD940037,COUNTRY VIEW ESTATES AT MIDDLE ISLAND,"SE CORNER OD WHISKEY RD & SWEEZEY TOWN RD, MIDDLE ISLAND, NY, 11953",CONDOMINIUM
H820019,SUMMERHILL VILLAGE TOWNHOUSE,"SUMMERHILL VILLAGE TOWNHOUSE, SPOTSWOOD, NJ, 99999",HOMEOWNERS ASSOCIATION
NY910055,537 WEST 156 STREET (HDFC),"537 WEST 156 STREET, NEW YORK, NY",COOPERATIVE
T820007,PRINCESS VACATION CLUB INT'L,"PRINESS VACATION CLUB INT'L, FREEPORT, BA, 99999",OTHER
T840005,HARBOR CLUB I (A TIME SHARE RESORT),"201 CLUB HOUSE DRIVE, PALM COAST, FL, 32037",OTHER
T860003,VILLA ROMA RESORT LODGE (II),"VILLA ROMA CONTRY CLUB, CALLICOON, NY, 12723",OTHER
C820020,332 PALISADE AVENUE,"332 PALISADE AVE., YONKERS, NY, 10703",COOPERATIVE
C850446,47 REMSEN HOUSING CORP,"47 REMSEN STREET, BROOKLYN, NY, 11201",COOPERATIVE
C860094,109 WEST 105TH STREET,"109 WEST 105TH STREET, NEW YORK, NY, 10128",COOPERATIVE
C860282,11 EAST 90TH. STREET,"11 EAST 90TH. ST., NEW YORK, NY, 10128",COOPERATIVE
C870478,302 WEST 86TH STREET,"302 WEST 86TH STREET, NEW YORK, NY, 10024",COOPERATIVE
CC870050,BOULEVARD (THE) (CPS-1),"BROADWAY AND 86TH STREET, NEW YORK, NY",COOPERATIVE/CONDOMINIUM
CD880072,PROSPECT PARK MEWS,"1115&1139 PROSPECT AVE (FORMERLY 155 TERRACE), BROOKLYN, NY, 11218",CONDOMINIUM
CD890257,VILLAGE MANOR TOWNHOUSES CONDOMINIUM,"HENRY STREET, HEMPSTEAD, NY, 11050",CONDOMINIUM
CD930004,2 DAG HAMMARSKJOLD PLAZA CONDOMINIUM(CPS-1),"2 DAG HAMMARSKJOLD PLAZA, NEW YORK, NY, 10017",CONDOMINIUM
CD950115,2049 53RD CONDOMINIUM,"2049 53RD STREET, BROOKLYN, NY, 11204",CONDOMINIUM
CD960078,WOOSTER STREET CONDOMINIUM,"42-50 WOOSTER STREET, NEW YORK, NY, 10012",CONDOMINIUM
H760014,"LEISUREWOOD ASSOCIATION, INC","TOWN OF NEWSTEAD, AKRON, NY, 14001",HOMEOWNERS ASSOCIATION
H840032,HIDDEN RIDGE AT KUTSHER'S COUNTRY CLUB HOA,"OLD LIBERTY ROAD (RESUBMIT), MONTICELLO, NY, 12701",HOMEOWNERS ASSOCIATION
H870025,COUNTRY COMMONS CONDO (CHANGED TO CD87-652),"WEST ROAD, PLEASANT VALLEY, NY",HOMEOWNERS ASSOCIATION
H890023,HIPP BROOK HOA,"450 REYNOLDS ARCADE BUILDING, ROCHESTER, NY, 14614",HOMEOWNERS ASSOCIATION
C790106,119 PROSPECT PARK WEST HOUSING CORP.,"119 PROSPECT PARK WEST, BROOKLYN, NY, 11215",COOPERATIVE
C840488,245-303 BENNETT AVE AKA 4489-4521 BROADWAY,"245-303 BENNETT AVENUE AKA 4489-4521 BROADWAY, NEW YORK, NY, 10034",COOPERATIVE
C870108,8023 19TH AVENUE,"8023 19TH AVENUE, BROOKLYN, NY, 11214",COOPERATIVE
C880284,430 OCEAN PARKWAY,"430 OCEAN PARKWAY, BROOKLYN, NY, 11214",COOPERATIVE
C890116,505 CENTRAL AVENUE,"505 CENTRAL AVENUE, WHITE PLAINS, NY, 10606",COOPERATIVE
CD810185,JOYCE MANOR CONDO.,"140 WEST 58TH STREET, NEW YORK, NY, 10019",CONDOMINIUM
CD820235,WHITESTONE GARDENS CONDOMINIUM (OLD # C82-66),"149-47/65 22ND AVENUE, WHITESTONE, NY, 11357",CONDOMINIUM
CD830183,"PRINCESS, A CONDOMINIUM","9650 SOUTH AIA, JENSEN BEACH, FL, 33457",CONDOMINIUM
CD840233,"IRONWOOD COND. BLDG. ""LL"" SEC. 20","4500 CORTEZ WEST, BRADENTON, FL, 33507",CONDOMINIUM
CD850181,LUCERNE POINTE CONDOMINIUM # 7,"TAHITI LANE, PALM BEACH, FL, 33463",CONDOMINIUM
CD860231,GRAMERCY PARK CONDOMINIUM,"151 EAST 20TH STREET, NEW YORK, NY, 10019",CONDOMINIUM
CD870178,PRIMROSE LANE CONDOMINIUM,"WEEKS ROAD, NORTH BABYLON, NY",CONDOMINIUM
CD900083,PONDSIDE VILLAGE II CONDO,"STADIUM ROAD, WHITE PLAINS, NY, 10607",CONDOMINIUM
H900127,WENONAH LODGE HOA,"PANTHER MOUNTAIN DRIVE, HARRIETSTOWN, NY, 12981",HOMEOWNERS ASSOCIATION
T820004,PONDS AT FOXHOLLOW,"ROUTE 7, LENOX, MA, 01240",OTHER
C810171,ANSONIA COURT,"420 12TH ST, BROOKLYN, NY, 11215",COOPERATIVE
C810397,5 E. 16TH ST. (WITHDRAWN 1/15/82)SEE:CD83-104,"5 EAST 16TH STREET  SEE CD83-104, NEW YORK, NY, 10003",COOPERATIVE
C830218,142-15 FRANKLIN AVENUE,"142-15 FRANKLIN AVENUE, FLUSHING, NY, 11335",COOPERATIVE
C830395,515 AVENUE I,"515 AVENUE I, BROOKLYN, NY, 11230",COOPERATIVE
C870391,1800 EAST 12TH STREET,"1800 EAST 12TH STREET, BROOKLYN, NY, 11229",COOPERATIVE
C890202,266 KEAP STREET,"266 KEAP STREET, BROOKLYN, NY, 11211",COOPERATIVE
CD800112,PAVILLION COND. (THE) FORMERLY-HIDDEN HOLLOW,"MCFARLAND ROAD         AT WAPPINGERS FALLS, WAPPINGERS FALLS, NY, 11418",CONDOMINIUM
CD810111,"PALM-AIRE COUNTRY CLUB APTS,PHASE 11, #113","OAKS WAY & OAKS DRIVE, NORTH COURSE DRIVE, POMPANO BEACH, FL, 99999",CONDOMINIUM
CD840264,HOSPITAL ROAD PROFESSIONAL CENTER CONDOMINIUM,"250 YAPHANK ROAD, EAST PATCHOGUE, NY, 11772",CONDOMINIUM
CD880487,PRESIDENT GARDEN APARTMENTS,"1229 PRESIDENT STREET, BROOKLYN, NY, 11211",CONDOMINIUM
CD900212,LA BAR VILLAGE (CPS-1),"ONE VILLAGE CIRCLE, STROUDSBURG, PA, 18630",CONDOMINIUM
CD960020,TREE VIEW CONDOMINIUM (RESUBMIT),"64-54 BOOTH STREET, REGO PARK, NY, 11374",CONDOMINIUM
H840030,BULL CALF LANDING (RESUBMIT),"RTE 25A, CENTERPORT, NY, 11721",HOMEOWNERS ASSOCIATION
H890188,BATTENKILL OVERLOOK HOMEOWNERS ASSOC INC,"75 EAST MAIN STREET, ROUTE 313, JACKSON, NY, 12816",HOMEOWNERS ASSOCIATION
NY880040,127-31 WEST 170TH STREET,"127-31 WEST 170TH STREET, BRONX, NY",COOPERATIVE
C850416,406 SEVENTH AVENUE,"406 SEVENTH AVENUE, BROOKLYN, NY, 10001",COOPERATIVE
C850550,512 EAST 13TH STREET (RS-3 FILED 8/6/87),"512 EAST 13TH STREET, NEW YORK, NY, 10009",COOPERATIVE
C860064,220 LINCOLN PLACE (RESUBMIT),"220 LINCOLN PLACE, BROOKLYN, NY, 11201",COOPERATIVE
C880010,"540 ST JOHNS PLACE (ABANDONED 6/26/90,RS-3","540 ST JOHNS PLACE              FILED), BROOKLYN, NY, 11238",COOPERATIVE
C880254,121 WEST 82 CORP.,"121 WEST 82ND STREET, NEW YORK, NY, 10024",COOPERATIVE
C890003,2440 OLINVILLE AVENUE,"2440 OLINVILLE AVENUE, BRONX, NY, 10467",COOPERATIVE
C920018,HIGHBRIDGE VILLAGE HOMES,"NELSON AVENUE-EAST 169TH ST & 170TH STREET, BRONX, NY, 10460",COOPERATIVE
CD820190,"ENVIRON TOWERS I, A CONDOMINIUM","7100, 7200 RADICE COURT, LAUDERHILL, FL, 33319",CONDOMINIUM
CD850016,VILLAGES OF SEAPORT CPS-1,"8850 NORTH ATLANTIC AVENUE, CAPE CANAVERAL, FL, 32920",CONDOMINIUM
CD880042,OCEAN GARDENS CONDOMINIUM NO. 1,"1715 OCEAN AVENUE, BROOKLYN, NY, 11219",CONDOMINIUM
CD890227,1161 47TH STREET CONDOMINIUM,"1161 47TH STREET, BROOKLYN, NY, 11219",CONDOMINIUM
CD930005,LEFFERTS COURT CONDO,"645 LEFFERTS AVENUE, BROOKLYN, NY, 11203",CONDOMINIUM
H840002,POINT PLEASANT DEVELOPMENT ASSOC. CPS-1,"POINT PLEASANT, IRONDEQUOIT, NY, 14617",HOMEOWNERS ASSOCIATION
H860141,GREENVIEW SHORES 1 & 2(CPS-1),"FOREST HILL BOULEVARD, WELLINGTON, FL, 33414",HOMEOWNERS ASSOCIATION
H890160,HUNTER TRAIL (CPS-1),"2001 MIDLAND ROAD, SOUTH PINES, NC",HOMEOWNERS ASSOCIATION
C790054,300 EAST 74TH STREET,"300 EAST 74TH STREET, NEW YORK, NY, 10021",COOPERATIVE
C790115,258 WEST 93RD STREET,"258 WEST 93RD STREET, NEW YORK, NY, 10025",COOPERATIVE
C810314,310 EAST 51ST STREET,"310 E. 51ST ST., NEW YORK, NY, 10022",COOPERATIVE
C820299,BANBURY SQUARE APTS.,"20 MAIN STREET, GARNERVILLE, NY, 10923",COOPERATIVE
C830089,HERMITAGE AT NAPEAQUE,"NAPEAQUE DUNES DEVELOPMENT CORP, AMAGANSETT, NY, 11930",COOPERATIVE
C850058,306 WEST 4TH STREET,"306 WEST 4TH STREET *CPS-5-06/008*, NEW YORK, NY, 10014",COOPERATIVE
C850685,800 CORTELYOU ROAD  (CPS-6/92-007),"800 CORTELYOU ROAD, BROOKLYN, NY, 11218",COOPERATIVE
C880417,310 WEST END AVENUE,"310 WEST END AVENUE, NEW YORK, NY, 10023",COOPERATIVE
C890044,10 MANHATTAN AVENUE,"10 MANHATTAN AVENUE, NEW YORK, NY, 10025",COOPERATIVE
CD790086,KINGSWALK CONDOMINIUM II,"KINGSWALK, STATEN ISLAND, NY, 99999",CONDOMINIUM
CD850170,MEADOWS AT CROSS RIVER CONDO I*CPS-5-91-004),"ROUITE 35, CROSS RIVER, NY, 10518",CONDOMINIUM
CD850285,MEADOWS AT CROSS RIVER CONDO II *CPS-5-91-005,"ROUTE 35, CROSS RIVER, NY, 10518",CONDOMINIUM
CD850404,BATTERY POINTE F/K/A (THE SOUNDINGS WEST),"300 RECTOR STREET, NEW YORK, NY, 10280",CONDOMINIUM
CD870110,TOWERS ON THE PARK CONDO.,"300,301 CATHDERAL PKWY/220 MANHATTAN AVE, NEW YORK, NY, 10025",CONDOMINIUM
NY880028,2068/72/78 BATHGATE AVENUE,"2068/72/78 BATHGATE AVENUE, BRONX, NY, 10457",COOPERATIVE
C800455,21ST/ TENANTS CORP.,"38 E. 21ST., NEW YORK, NY, 10010",COOPERATIVE/CONDOMINIUM
C820453,"20 BETHUNE ST. OWNERS CORP, (CPS-5, #89-069)","20 BETHUNE STREET, NEW YORK, NY, 10017",COOPERATIVE
C840451,881 UNION STREET HOUSING CORPORATION,"881 UNION STREET, BROOKLYN, NY, 11215",COOPERATIVE
C850451,20 HILL PARK AVENUE,"20 HILL PARK AVENUE, GREAT NECK, NY, 11021",COOPERATIVE
C860309,123 PROSPECT PLACE REALTY CORP,"123 PROSPECT PLACE, BROOKLYN, NY, 11238",COOPERATIVE
C860438,447 TENTH STREET,"447 TENTH STREET, BROOKLYN, NY, 11215",COOPERATIVE
C870529,DUNE DECK **CPS-#6-96-009)**,"379 DUNE DECK ROAD, WESTHAMPTON BEACH, NY",COOPERATIVE
C920021,PINES AT MOUNT ALVERNO (CPS-1),"20 GRANT STREET, WARWICK, NY, 10990",COOPERATIVE
CD800180,PARKWAY APARTMENTS (** NEW # CD80-108),"151 BUFFALO AVENUE, NIAGARA FALLS, NY, 14302",CONDOMINIUM
CD830082,FAIRWAYS AT NORTH HILLS,"SHELTER ROCK ROAD, NORTH HILLS, NY, 99999",CONDOMINIUM
CD940046,HERITAGE HILLS OF WESTCHESTER CONDO 28,"HERITAGE HILLS, SOMERS, NY, 10589",CONDOMINIUM
H900079,SADDLE RIDGE FARM AT KENT HOA(RESUBMIT),"ROUTE 7, KENT, CT, 06757",HOMEOWNERS ASSOCIATION
H910078,DEEPWOOD HOA,"HARDY/KILBURN ROAD, WILMINGTON, NY, 12997",HOMEOWNERS ASSOCIATION
NY910093,163 LEFFERTS PLACE HDFC,"163 LEFFERTS PLACE, BROOKLYN, NY, 11212",OTHER
NY940067,108 MESEROLE STREET HDFC,"108 MESEROLE STREET, BROOKLYN, NY",OTHER
C790197,53 EAST 65TH ST. OWNERS CORP,"53 E. 65TH STREET, NEW YORK, NY, 10021",COOPERATIVE
C800460,TERRACE GARDEN PLAZA,"915 & 920 E. 17TH ST;1615 AVE I, BROOKLYN, NY, 11230",COOPERATIVE
C810531,345 EAST 81ST STREET (CPS-5 #89-087),"345 E. 81ST ST., NEW YORK, NY, 10028",COOPERATIVE
C850612,100 OCEAN PARKWAY/ AKA THE KENSINGTON,"100 OCEAN PARKWAY, BROOKLYN, NY, 11218",COOPERATIVE
C860587,299 EAST 8TH STREET OWNERS,"299 EAST 8TH STREET, NEW YORK, NY, 10003",COOPERATIVE
C860696,96 PROSPECT PLACE,"96 PROSPECT PLACE, BROOKLYN, NY, 11217",COOPERATIVE
CD850486,PIER-LOUN POINT CONDO,"1 PARK PLACE, NEWBURGH, NY, 12550",CONDOMINIUM
CD860187,692 GREENWICH STREET CONDOMINIUM,"692 GREENWICH STREET, NEW YORK, NY, 10012",CONDOMINIUM
CD860296,PARK VIEW TOWERS CONDOMINIUM,"108 EAST 96TH STREET, NEW YORK, NY, 10128",CONDOMINIUM
CD860530,1531 58TH STREET CONDO,"1531 58TH STREET, BROOKLYN, NY, 11219",CONDOMINIUM
CD880479,PORT LIBERTE' CONDOMINIUM(CPS-1),"FOOT OF CHAPEL AVENUE, JERSEY CITY, NJ, 07302",CONDOMINIUM
CD900001,CORAL POINTE AT HARBOURSIDE(CPS-1),"3401 PASADENA AVENUE, S. PASADENA, FL, 33707",CONDOMINIUM
H740010,RADISSON COMMUNITY ASSOCIATION HOA,"3128 AMESBURY DRIVE, BALDWINSVILLE, NY, 13027",HOMEOWNERS ASSOCIATION
NY880025,346 WEST 48TH STREET,"346 WEST 48TH STREET, NEW YORK, NY",COOPERATIVE
NY900059,157 WEST 123RD STREET HFDC,"157 WEST 123RD STREET, NEW YORK, NY, 10027",OTHER
C800157,"FIRST AVENUE OWNERS, INC.","333 E. 79TH ST. 340 E. 80TH ST., NEW YORK, NY, 10021",COOPERATIVE
C820155,FOUNTAINBLEAU APTS.,"8855 BAY PARKWAY, BROOKLYN, NY, 11223",COOPERATIVE
C820393,444-446 EAST 58TH STREET,"444-446 EAST 58TH STREET, NEW YORK, NY, 10022",COOPERATIVE
C840153,EXECUTIVE HOUSE,"72-35 112TH STREET, FOREST HILLS, NY, 11375",COOPERATIVE
C840372,"264 WEST 22ND STREET OWNERS, INC.","264 WEST 22ND STREET, NEW YORK, NY, 10011",COOPERATIVE
C840391,110-34 73RD ROAD,"110-34 73RD ROAD, FOREST  HILLS, NY, 11375",COOPERATIVE
C860151,736A UNION STREET OWNERS CORP,"736A UNION STREET, BROOKLYN, NY, 11215",COOPERATIVE
C870469,1030 PARK PLACE (RS-3 FILED 5/9/90),"1030 PARK PLACE, BROOKLYN, NY, 11213",COOPERATIVE
C880096,1280 OCEAN AVENUE,"1280 OCEAN AVENUE, BROOKLYN, NY, 11230",COOPERATIVE
CD800060,"KENSINGTON PARK TOWN HOMES,III","KENSINGTON PARK TOWN HOMES, III, FORT LEE, NJ, 99999",CONDOMINIUM
CD830136,WHISPERING HILLS CONDO I,"ROUTE 94, CHESTER, NY, 10918",CONDOMINIUM
CD880496,423 95TH STREET (CPS-1),"423 95TH STREET, BROOKLYN, NY, 11269",CONDOMINIUM
CD950102,GRAMERCY EAST CONDOMINIUM(RESUBMIT),"312 EAST 22ND STREET, NEW YORK, NY, 10010",CONDOMINIUM
H840099,CREEK RIDGE HOA,"ROUTE 242     (RESUBMIT), ELLICOTTVILLE, NY, 14731",HOMEOWNERS ASSOCIATION
H860038,RICHMOND HILL COURT H.O.A,"BARLOW, MACON & BRANDIES AVE, STATEN ISLAND, NY, 10308",HOMEOWNERS ASSOCIATION
C790024,49 EAST OWNERS CORPORATION,"49 EAST 12TH STREET, NEW YORK, NY, 10011",COOPERATIVE
C790374,PRINCE & PRINCESS COOPERATIVE ARTISTS,"141 PRINCE ST., NEW YORK, NY, 10012",COOPERATIVE
C850028,139-06 PERSHING CRESCENT,"139-06 PERSHING CRESCENT, BRIARWOOD, NY, 11435",COOPERATIVE
C850539,2 LINCOLN HOUSING CORP,"2 LINCOLN PLACE, BROOKLYN, NY, 11217",COOPERATIVE
CD820250,LUCERNE LAKES GOLF COLONY #11,"LUCERNE LAKES BLVD & GOLF COLONY COURT, LAKE WORTH, FL, 33461",CONDOMINIUM
CD850208,SUTTON PLACE (CPS-1),"360 EAST 56TH STREET, NEW YORK, NY",CONDOMINIUM
CD860454,178-184 EAST SECOND STREET CONDO,"178-184 EAST SECOND STREET, NEW YORK, NY, 10009",CONDOMINIUM
CD870169,LAKE-IN-THE-WOODS (VERO BEACH) (CPS-1),"6905 29TH STREET, VERO BEACH, FL, 32960",CONDOMINIUM
CD890480,OLDE TROLLEY STOP CONDOMINIUM  *OLD #CC89-030,"514 9TH ST., A/K/A 902 8TH AVENUE, BROOKLYN, NY, 11215",CONDOMINIUM
CD920056,103 MOTT STREET CONDOMINIUM,"103 MOTT STREET, NEW YORK, NY, 10013",CONDOMINIUM
H860073,"PARKLAND HOMEOWNERS ASSOCIATION, INC.","SPRING AVENUE, WATERTOWN, NY, 13601",HOMEOWNERS ASSOCIATION
H880071,QUAKER-VALLEY AT PAWLING (CPS-1),"SOUTH STREET, PAWLING, NY",HOMEOWNERS ASSOCIATION
NY900026,108 DIVISION AVENUE HDFC,"108 DIVISION AVENUE, BROOKLYN, NY, 11211",OTHER
NY910025,2027 PACIFIC STREET (HDFC),"2027 PACIFIC STREET, BROOKLYN, NY, 11233",COOPERATIVE
NY910028,543 WEST 160TH STREET (HDFC),"543 WEST 160TH STREET, NEW YORK, NY",COOPERATIVE
C810316,GRYMES HILL MANOR ESTATES,"GRYMES HILL, STATEN ISLAND, NY, 10301",COOPERATIVE
C840342,CHURCHVIEW COOPERATIVE,"105 WYCKOFF STREET, BROOKLYN, NY, 10025",COOPERATIVE
C840489,309 HICKS HOUSING CORP.,"309 HICKS STREET, BROOKLYN, NY, 11201",COOPERATIVE
C880066,9747 SHORE ROAD  (RESUBMIT),"9747 SHORE ROAD, BROOKLYN, NY, 11209",COOPERATIVE
CD820099,HARBOUR HOUSE CONDOMINIUM,"270 WEST FIRST STREET, OSWEGO, NY, 13126",CONDOMINIUM
CD820223,LEISURE VILLAGE WEST #64,"MANCHESTER TOWNSHIP, MANCHESTER TOWNSHIP, NJ, 99999",CONDOMINIUM
CD840221,ROUGH RIDERS LANDING CONDOMINIUM I,"ROUGH RIDERS LANDING NOS. 1-106, MONTAUK, NY, 11954",CONDOMINIUM
CD870283,PLAZA 100 CONDOMINIUM,"100 GREAT NECK ROAD, GREAT NECK, NY",CONDOMINIUM
CD880355,LANDMARK TOWERS (CPS-1),"3817 VENTNOR AVE, ATLANTIC, NJ, 08401",CONDOMINIUM
H790023,ELM RIDGE TOWNHOUSE H.O.A. INC,"3 BOULDERS DRIVE, WINDHAM, NY, 12496",HOMEOWNERS ASSOCIATION
H860150,PINES OF RAINBOW LAKE ESTATES (CPS-1),"ROUTE 4 BOX 197, DUNNELLON, FL, 32630",HOMEOWNERS ASSOCIATION
H910080,CRYSTAL BEACH TENNIS & YACHT CLUB,"ERIE RIDGEWAY ROADS, FORT ERIE, ON",HOMEOWNERS ASSOCIATION
H960043,"VILLAGES @ HUNTINGTON HOA, INC. (THE)","OLD COUNTRY ROAD, MELVILLE, NY, 11746",HOMEOWNERS ASSOCIATION
NY820018,201 EAST 165TH ST,"201 EAST 165TH ST, BRONX, NY, 10456",COOPERATIVE
NY920077,519-21 WEST 160TH STREET HDFC,"519-21 WEST 160TH STREET, NEW YORK, NY",OTHER
C790069,"771 WEST END AVENUE, INC","771 WEST END AVE, NEW YORK, NY, 10025",COOPERATIVE
C790455,112 OWNERS LTD.,"112 EAST 73RD ST., NEW YORK, NY, 10021",COOPERATIVE
C800143,7656 OWNERS CORP.,"76 E. 56TH ST., NEW YORK, NY, 10022",COOPERATIVE
C810432,1580 EAST 13TH STREET,"1580 EAST 13TH STREET, BROOKLYN, NY, 11230",COOPERATIVE
C820125,HARRISON PARK TOWERS,"377 SOUTH HARRISON STREET, EAST ORANGE, NJ, 99999",COOPERATIVE
C840123,235 BERKELEY PLACE,"235 BERKELEY PLACE, BROOKLYN, NY, 11217",COOPERATIVE
C840154,107 WAVERLY PLACE (ABANDONED RS-3),"107 WAVERLY PLACE, NEW YORK, NY, 10011",COOPERATIVE
C860121,3039 OCEAN PARKWAY,"3039 OCEAN PARKWAY, BROOKLYN, NY, 11235",COOPERATIVE
C880078,30 PILOT STREET,"30 PILOT STREET, BRONX, NY, 10464",COOPERATIVE
CD790024,BARCLAY WOODS CONDO #1,"BARCLAY WOODS, BARCLAY WOODS, NJ, 99999",CONDOMINIUM
CD800030,ALAMO CONDOMINIUM,"55 EAST 93RD STREET, NEW YORK, NY, 10028",CONDOMINIUM
CD880466,SILK MILL CONDOMINIUM,"39 CHURCH ST, PORT JERVIS, NY, 12771",CONDOMINIUM
CD920079,333-341 KOSCIUSKO STREET(CPS-1),"333-341 KOSCIUSKO STREET, BROOKLYN, NY, 11206",CONDOMINIUM
CD920106,9 NORTH MOORE STREET CONDOMINIUM,"9 NORTH MOORE STREET, NEW YORK, NY, 10013",CONDOMINIUM
NY940071,237-39 HANCOCK STREET HDFC,"237-39 HANCOCK STREET, BROOKLYN, NY, 11216",OTHER
C780097,BRONXVILLE-HAMPSHIRE,"250 BRONXVILLE ROAD, BRONXVILLE, NY, 10708",COOPERATIVE
C800431,"TOWN & COUNTRY RESORT COMMUNITY, INC.","UNKNOWN, MONTICELLO, NY, 12701",COOPERATIVE
C800458,133 8TH AVE. & 10 MONTGOMERY PLACE,"133 8TH AVE. &  10 MONTGOMERY PLACE, BROOKLYN, NY, 11215",COOPERATIVE
C810007,81-14 BAXTER AVENUE,"81-14 BAXTER AVE., ELMHURST, NY, 11373",COOPERATIVE
C830034,349 WEST 53RD STREET APARTMENT CORPORATION,"349 WEST 53RD STREET, NEW YORK, NY, 10019",COOPERATIVE
C850003,24 ST. MARKS AVENUE HOUSING CORP.,"24 ST. MARKS AVENUE, BROOKLYN, NY, 11215",COOPERATIVE
C870001,583 WEST 215TH ST (ABANDONED RS-3 -2/3/89),"583 WEST 215TH STREET, NEW YORK, NY, 10034",COOPERATIVE
CC860028,412 SEVENTH AVENUE,"412 SEVENTH AVENUE, BROOKLYN, NY",COOPERATIVE/CONDOMINIUM
CD830283,SOUTHPOINTE UNIT III CPS-1,"WOODGATE BLVD, ORLANDO, FL, 32822",CONDOMINIUM
CD850012,CHASEWORTH NORTH(CPS-1),"170 38 CENTRAL BOULEVARD, JUPITER, FL, 33458",CONDOMINIUM
CD880286,129 DUANE CONDOMINIUM,"129 DUANE STREET, NEW YORK, NY, 10013",CONDOMINIUM
H790027,ABINGDON HOMEOWNERS ASSOCIATION,"16 FLAGG PLACE, STATEN ISLAND, NY, 10304",HOMEOWNERS ASSOCIATION
H850026,"FOUNTAIN SOUTH VILLAS TWO ASSN,INC (RESUBMIT)","THE FOUNTAIN OF PALM BEACH, LAKE WORTH, FL, 33463",HOMEOWNERS ASSOCIATION
H880047,VIRGINIA'S CHESAPEAKE SHORES HOA,"ROUTE 644, CAPEVILLE DISTRICT, VA",HOMEOWNERS ASSOCIATION
H910059,"ANCRAM WOODS H.O.A., INC.","FIVE ROSES ROAD, TOWN OF ANCRAM, NY, 11520",HOMEOWNERS ASSOCIATION
C820268,840 SHORE ROAD,"840 SHORE ROAD, LONG BEACH, NY, 11561",COOPERATIVE
C850317,118 WAVERLY PLACE,"118 WAVERLY PLACE, NEW YORK, NY, 10011",COOPERATIVE
C860009,371 FORT WASHINGTON AVE,"371 FORT WASHINGTON AVENUE, NEW YORK, NY, 10033",COOPERATIVE
C860374,2 MARINE AVENUE *CPS-5/07-0016*,"2 MARINE AVENUE, BROOKLYN, NY, 11209",COOPERATIVE
C870503,87 JORALEMON ST,"87 JORALEMON ST, BROOKLYN, NY, 11201",COOPERATIVE
CC880020,GOLDEN KEY,"446 MYRTLE AVENUE, BROOKLYN, NY",COOPERATIVE/CONDOMINIUM
CD850105,WOODBROOKE ESTATES CONDOMINIUM SECTION VI,"164 GRAFE STREET, STATEN ISLAND, NY, 10309",CONDOMINIUM
CD860162,GEMSTONE CONDO (THE),"348 EAST 89TH STREET, NEW YORK, NY, 10028",CONDOMINIUM
CD860519,BURNT STORE MARINA VILLAGE (CPS-1),"ONE MATECUMBE KEY ROAD, PUNTA GORDA, FL, 33955",CONDOMINIUM
CD870214,118 CLINTON AVENUE CONDOMINIUM,"118 CLINTON AVENUE, BROOKLYN, NY, 11205",CONDOMINIUM
CD890101,PARK AVENUE COURT CONDOMINIUM,"120 EAST 87TH STREET   (RESUBMIT), NEW YORK, NY, 10128",CONDOMINIUM
H870056,CEDAR RIDGE HOMEOWNERS ASSOCIATION,"AYRAULT ROAD, PERINTON, NY, 14534",HOMEOWNERS ASSOCIATION
L800005,113 GREENE ST. OWNER'S CORP.,"113 GREENE ST., NEW YORK, NY, 10012",COOPERATIVE
L820003,GRAMERCY,"25 EAST 21ST STREET, NEW YORK, NY, 10010",CONDOMINIUM
NY920073,924 HART STREET HDFC,"924 HART STREET HDFC, BROOKLYN, NY, 11237",OTHER
C800020,229 EAST 81ST STREET,"229 EAST 81ST ST., NEW YORK, NY, 10028",COOPERATIVE
C810267,42-65 KISSENA BLVD./THE NEWPORT,"42-65 KISSENA BOULEVARD, FLUSHING, NY, 11355",COOPERATIVE
C830265,51 LINCOLN AVENUE *CPS-5-* 1999*,"51 LINCOLN AVENUE, ROCKVILLE CENTRE, NY, 11570",COOPERATIVE
C850263,512 EAST 82ND STREET *(CPS-8 #02/008),"512 EAST 82ND STREET, NEW YORK, NY, 10028",COOPERATIVE
C870261,"100 PARKINSON AVE/120,131/134 FAYETTE (RESUB)","100 PARKINSON AVE, 120,131 & 134 FAYETTE AVE, STATEN ISLAND, NY, 10305",COOPERATIVE
CD860324,274 PROSPECT PARK WEST CONDOMINIUM,"274 PROSPECT PARK WEST, BROOKLYN, NY, 11215",COOPERATIVE
CD860507,COLONIAL ARMS CONDOMINIUM,"19 E COLONIAL DRIVE, NEW PALTZ, NY, 12561",CONDOMINIUM
CD870297,CHATHAM IN CHELSEA,"445 WEST 19TH STREET, NEW YORK, NY, 10019",CONDOMINIUM
CD880505,LIONS HEAD WOODS CONDO,"SHORROCK STREET, LAKEWOOD, NJ, 08701",CONDOMINIUM
CD890295,MONTAUK YACHT CLUB CONDOMINIUM(CPS-1),"STAR ISLAND ROAD, MONTAUK, NY",CONDOMINIUM
H840074,VILLAGE OAKS HOA (RESUBMIT),"MONTAUK HIGHWAY, BABYLON, NY, 11702",HOMEOWNERS ASSOCIATION
H860020,"SUMMERTREE MASTER ASSOCIATION, INC.","4447 PARADISE POINT WAY, NEW PORT RICHEY, FL, 33553",HOMEOWNERS ASSOCIATION
H880063,SUNSET VILLAGE HOMEOWNERS ASSOCIATION,"BRADLEY AVENUE, STATEN ISLAND, NY, 10314",HOMEOWNERS ASSOCIATION
H950032,BARRY COURT HOA,"MILL ROAD, STATEN ISLAND, NY, 10306",HOMEOWNERS ASSOCIATION
NY810006,302 CONVENT AVENUE,"302 CONVENT AVENUE, NEW YORK, NY, 10031",COOPERATIVE
C810728,"509 SECOND ST. HOUSING CORP. (CPS-5, #90-048)","509 SECOND ST., BROOKLYN, NY, 11215",COOPERATIVE
C820022,2035 CENTRAL PARK AVENUE,"2035 CENTRAL PARK AVENUE, YONKERS, NY, 10710",COOPERATIVE
C820169,SANFORD TERRACE,"132-61, 132-57 SANFORD AVE., FLUSHING, NY, 11355",COOPERATIVE
C820280,COVE - A PRIVATE COMMUNITY (ABANDONED 2/9/84),"MAIN BAYVIEW ROAD, SOUTHHOLD, NY, 11971",COOPERATIVE
C880124,601 EAST 19TH STREET,"601 EAST 19TH STREET/AKA 575-605 E 19TH ST, BROOKLYN, NY, 11226",COOPERATIVE
C880312,1078-182 BEDFORD AVE (HENRY HOUSE)_8(CPS-1),"1078-182 BEDFORD AVENUE, BROOKLYN, NY, 11249",COOPERATIVE
C900008,314 WEST 19TH ST. (RESUBMIT) (OLD #C88-141),"314 WEST 19TH STREET, NEW YORK, NY, 10011",COOPERATIVE
CD870286,AZORES II CONDOMINIUM,"780 BROADWAY, LONG BEACH, NY, 11561",CONDOMINIUM
CD890347,1551 59TH STREET CONDOMINIUM,"1551 59TH STREET, BROOKLYN, NY, 11219",CONDOMINIUM
CD900200,VICTORIA SPRINGS CONDO PHASE 1,"WEST AVENUE, WEST SENECA, NY, 14224",CONDOMINIUM
H860133,TIMBER PINES (RESUBMIT),"6872 TIMBER PINES BOULEVARD, SPRINGHILL, FL, 33526",HOMEOWNERS ASSOCIATION
H870215,ATHEM POND HOA,"LATTINGTOWN ROAD, GLEN COVE, NY, 11560",HOMEOWNERS ASSOCIATION
H910034,GOLDEN PONDS HOA,"WALBRIDGE ROAD, GRANGER, NY",HOMEOWNERS ASSOCIATION
NY880036,17-19 WEST 108TH STREET H.D.F.C.,"17-19 WEST 108TH STREET, NEW YORK, NY",COOPERATIVE
O800003,CLUB CALA DE PALMAS VACATION MEMBERSHIP,"PALMAS DEL MAR, HUMACAO, UN, 99999",OTHER
C840307,CAMEO MANOR,"2 OLD MAMARONECK ROAD, WHITE PLAINS, NY, 10605",COOPERATIVE
C850174,3045 OCEAN PARKWAY TENANTS CORP,"3045 OCEAN PARKWAY, BROOKLYN, NY, 11235",COOPERATIVE
C860305,210-218 FULTON STREET,"210-218 FULTON STREET, FARMINGDALE, NY, 11735",COOPERATIVE
C860739,40-80 KNIGHTSBRIDGE ROAD,"40-80 KNIGHTSBRIDGE ROAD, GREAT NECK, NY, 11021",COOPERATIVE
C870648,208-216 EAST 82ND STREET,"208-216 EAST 82ND STREET, NEW YORK, NY, 10028",COOPERATIVE
C880303,674 WEST 161ST STREET (ABANDONED-RS-3FILED),"674 WEST 161ST STREET, NEW YORK, NY, 10031",COOPERATIVE
C880307,315 OCEAN PARKWAY,"315 OCEAN PARKWAY, BROOKLYN, NY, 11218",COOPERATIVE
C930027,FLAGSTONE INN (CPS-1),"MAIN STREET, FLEISCHMANNS, NY, 12430",COOPERATIVE
CC860005,234 EIGHTH AVENUE (CPS-1),"234 EIGHTH AVENUE, NEW YORK, NY, 10011",COOPERATIVE/CONDOMINIUM
CC880003,EVERGREEN COURT CONDOMINIUM,"37-31 149TH STREET, NEW YORK, NY, 11354",COOPERATIVE/CONDOMINIUM
CD840347,305 WEST 52ND STREET CONDOMINIUM,"305 WEST 52ND STREET, NEW YORK, NY, 10019",CONDOMINIUM
CD860345,HIDDEN PINES CONDOMINIUM,"WALNUT AVENUE, BOHEMIA, NY",CONDOMINIUM
H750011,FAUN LAKE ASSOCIATION **(SOLD OUT 1/17/89),"FAUN LAKE, TOWN OF WETHERSFIELD, NY",HOMEOWNERS ASSOCIATION
H810028,"TWIN BEECHES ASSOC., INC.","475 LAKE AVE. (TWIN BEECHES), ROCHESTER, NY, 14608",HOMEOWNERS ASSOCIATION
H830061,HOPKINS ESTATES,"120 SOUTH MAIN STREET, PITTSFORD, NY, 14534",HOMEOWNERS ASSOCIATION
